id,categoria,nome,indirizzo,citta,cap,regione,paese,latitudine,longitudine,sito_web,telefono,osm_id,osm_tipo,valutazione,numero_recensioni,ha_sito_web,ha_telefono,stato_arricchimento,stato_outreach,nome_contatto,ruolo_contatto,email_contatto,data_ultimo_contatto,data_prossima_azione,artista_assegnato,tipo_avatar,mercato_target,note,connessione_calda,creato_il,aggiornato_il
42,Galleria d'Arte,ALEFBET - the hebrew letters art gallery,Via della Reginella 25,Roma,00186,Lazio,Italy,41.8933520,12.4773192,https://gabrielelevy.com/,+39 3473464296,10128006356,node,,,Sì,Sì,pending,not_contacted,,,,,,,,,,,2026-04-21 11:26,2026-04-21 11:26
36,Galleria d'Arte,ARCI Circolo Concetto Marchesi,,Roma,,Lazio,Italy,41.9129542,12.5618812,,,9555235150,node,,,No,No,pending,not_contacted,,,,,,,,,,,2026-04-21 11:26,2026-04-21 15:19
8,Galleria d'Arte,Accademia Filarmonica Romana,Via Flaminia 118,Roma,00196,Lazio,Italy,41.9166779,12.4740174,,,1727046749,node,,,No,No,pending,not_contacted,,,,,,,,,,,2026-04-21 11:26,2026-04-21 11:26
10,Galleria d'Arte,Accademia Tedesca Roma - Villa Massimo,,Roma,,Lazio,Italy,41.9167123,12.5191182,,,2860950967,node,,,No,No,pending,not_contacted,,,,,,,,,,,2026-04-21 11:26,2026-04-21 15:19
30,Galleria d'Arte,Accademia d'Ungheria in Roma,Via Giulia 1,Roma,00186,Lazio,Italy,41.8945994,12.4695192,https://culture.hu/it/roma,,7211212502,node,,,Sì,No,pending,not_contacted,,,,,,,,,,,2026-04-21 11:26,2026-04-21 11:26
21,Galleria d'Arte,Accademia di Francia a Roma,,Roma,,Lazio,Italy,41.9082722,12.4827202,https://www.villamedici.it/,,4891858022,node,,,Sì,No,pending,not_contacted,,,,,,,,,,,2026-04-21 11:26,2026-04-21 15:19
57,Galleria d'Arte,Al Muretto,,Roma,,Lazio,Italy,41.8961151,12.5146341,,,12825995419,node,,,No,No,pending,not_contacted,,,,,,,,,,,2026-04-21 11:26,2026-04-21 15:19
16,Galleria d'Arte,Alea contemporary art,Viale Guglielmo Massaia 41,Roma,,Lazio,Italy,41.8621999,12.4933656,,,3947595188,node,,,No,No,pending,not_contacted,,,,,,,,,,,2026-04-21 11:26,2026-04-21 15:19
78,Galleria d'Arte,Angelo Mai,Via delle Terme di Caracalla 55a,Roma,,Lazio,Italy,41.8784127,12.4959351,https://www.angelomai.org/,+39 329 4481358,1462738,relation,,,Sì,Sì,pending,not_contacted,,,,,,,,,,,2026-04-21 11:26,2026-04-21 11:26
71,Galleria d'Arte,Arancio e blu,Via Tuscolana 1237,Roma,00173,Lazio,Italy,41.8372139,12.6000510,https://www.arancioeblu.com/,+39 06 7234699,211435385,way,,,Sì,Sì,pending,not_contacted,,,,,,,,,,,2026-04-21 11:26,2026-04-21 11:26
46,Galleria d'Arte,Arena Aurora,,Roma,,Lazio,Italy,41.8781737,12.5415691,,,11160395545,node,,,No,No,pending,not_contacted,,,,,,,,,,,2026-04-21 11:26,2026-04-21 15:19
60,Galleria d'Arte,Art Atellier,Via di Sant'Agostino,Roma,,Lazio,Italy,41.9004913,12.4745164,,,13397467001,node,,,No,No,pending,not_contacted,,,,,,,,,,,2026-04-21 11:26,2026-04-21 15:19
18,Galleria d'Arte,Arte Moderna e Contemporanea,,Roma,,Lazio,Italy,41.9091254,12.4622390,,,4230915289,node,,,No,No,pending,not_contacted,,,,,,,,,,,2026-04-21 11:26,2026-04-21 15:19
24,Galleria d'Arte,Atelier Montez,Via di Pietralata 147,Roma,,Lazio,Italy,41.9262874,12.5366658,https://montez.it/,+39 06 9727 5089,5359792782,node,,,Sì,Sì,pending,not_contacted,,,,,,,,,,,2026-04-21 11:26,2026-04-21 15:19
77,Galleria d'Arte,Auditorium Parco della Musica Ennio Morricone,Viale Pietro de Coubertin 30,Roma,00196,Lazio,Italy,41.9290551,12.4751729,https://www.auditorium.com,,1466703738,way,,,Sì,No,pending,not_contacted,,,,,,,,,,,2026-04-21 11:26,2026-04-21 11:26
66,Galleria d'Arte,C.S.O.A. eXSnia Viscosa,Via Prenestina,Roma,,Lazio,Italy,41.8929906,12.5356544,,,60781365,way,,,No,No,pending,not_contacted,,,,,,,,,,,2026-04-21 11:26,2026-04-21 15:19
1,Galleria d'Arte,CSOA Forte Prenestino,Via Federico Delpino 187,Roma,00171,Lazio,Italy,41.8923495,12.5692442,https://forteprenestino.net/,+39 06 21807855;+39 345 1688383,251876420,node,,,Sì,Sì,pending,not_contacted,,,,,,,,,,,2026-04-21 11:26,2026-04-21 15:19
26,Galleria d'Arte,Cambiapiano,Via Romanello da Forlì 40,Roma,00176,Lazio,Italy,41.8896362,12.5323833,,,5870614526,node,,,No,No,pending,not_contacted,,,,,,,,,,,2026-04-21 11:26,2026-04-21 11:26
67,Galleria d'Arte,Casa del Jazz,Viale di Porta Ardeatina 55,Roma,00154,Lazio,Italy,41.8733342,12.4936935,https://www.casadeljazz.com,,77153698,way,,,Sì,No,pending,not_contacted,,,,,,,,,,,2026-04-21 11:26,2026-04-21 11:26
68,Galleria d'Arte,Casa del Jazz,Viale di Porta Ardeatina 55,Roma,00154,Lazio,Italy,41.8734843,12.4949032,,+39 06 7008370,117366918,way,,,No,Sì,pending,not_contacted,,,,,,,,,,,2026-04-21 11:26,2026-04-21 11:26
33,Galleria d'Arte,Casa della Pace,Via di Monte Testaccio 22,Roma,00153,Lazio,Italy,41.8747875,12.4744350,http://www.casadellapaceroma.it/,+393295466296,8797916304,node,,,Sì,Sì,pending,not_contacted,,,,,,,,,,,2026-04-21 11:26,2026-04-21 11:26
29,Galleria d'Arte,Centro Romano di Fotografia e Cinema,Via di Pietralata 157,Roma,,Lazio,Italy,41.9263543,12.5376397,https://centroromanodifotografia.com/,+39 324 557 9488,7141015840,node,,,Sì,Sì,pending,not_contacted,,,,,,,,,,,2026-04-21 11:26,2026-04-21 15:19
13,Galleria d'Arte,Centro Sociale Anziani Casal Bruciato,Via Luigi Cesana 30,Roma,00159,Lazio,Italy,41.9089597,12.5531326,,,3239148488,node,,,No,No,pending,not_contacted,,,,,,,,,,,2026-04-21 11:26,2026-04-21 11:26
76,Galleria d'Arte,Centro culturale Elsa Morante,,Roma,,Lazio,Italy,41.8123116,12.4691719,,,570326519,way,,,No,No,pending,not_contacted,,,,,,,,,,,2026-04-21 11:26,2026-04-21 15:19
70,Galleria d'Arte,"Centro culturale San Basilio ""Aldo Fabrizi""",,Roma,,Lazio,Italy,41.9376633,12.5846004,http://www.centroaldofabrizi.roma.it/,,192688917,way,,,Sì,No,pending,not_contacted,,,,,,,,,,,2026-04-21 11:26,2026-04-21 15:19
37,Galleria d'Arte,Cina in Italia,Piazza dei Campani 9,Roma,00185,Lazio,Italy,41.8953396,12.5142227,https://cinainitalia.com/,,9612625638,node,,,Sì,No,pending,not_contacted,,,,,,,,,,,2026-04-21 11:26,2026-04-21 11:26
72,Galleria d'Arte,Circolo Ricreativo Caracciolo,Via Francesco Caracciolo 23a,Roma,,Lazio,Italy,41.9090923,12.4515361,,,243309748,way,,,No,No,pending,not_contacted,,,,,,,,,,,2026-04-21 11:26,2026-04-21 11:26
28,Galleria d'Arte,Defrag,Via delle Isole Curzolane 75,Roma,00139,Lazio,Italy,41.9487346,12.5311663,http://www.associazionedefrag.com,+39 388 1019855,7003769651,node,,,Sì,Sì,pending,not_contacted,,,,,,,,,,,2026-04-21 11:26,2026-04-21 11:26
4,Galleria d'Arte,Ex 51,,Roma,,Lazio,Italy,41.9027061,12.4364877,,,1214263933,node,,,No,No,pending,not_contacted,,,,,,,,,,,2026-04-21 11:26,2026-04-21 15:19
2,Galleria d'Arte,Ex-Cinema Volturno,,Roma,,Lazio,Italy,41.9044625,12.4995062,,,383407978,node,,,No,No,pending,not_contacted,,,,,,,,,,,2026-04-21 11:26,2026-04-21 15:19
58,Galleria d'Arte,Exibart,,Roma,,Lazio,Italy,41.8839173,12.5339707,,,12874938906,node,,,No,No,pending,not_contacted,,,,,,,,,,,2026-04-21 11:26,2026-04-21 15:19
5,Galleria d'Arte,F.A.D. room,Via della Reginella 12,Roma,00186,Lazio,Italy,41.8932906,12.4773895,http://www.fadroom.it/,+39 06 6833795,1553116334,node,,,Sì,Sì,pending,not_contacted,,,,,,,,,,,2026-04-21 11:26,2026-04-21 11:26
53,Galleria d'Arte,FUTURISM & CO Art Gallery,Via Mario de' Fiori 68,Roma,,Lazio,Italy,41.9059817,12.4810382,,,12020531704,node,,,No,No,pending,not_contacted,,,,,,,,,,,2026-04-21 11:26,2026-04-21 15:19
38,Galleria d'Arte,Fortezza Est,Via Francesco Laparelli 62,Roma,00176,Lazio,Italy,41.8797262,12.5394759,,,9801345228,node,,,No,No,pending,not_contacted,,,,,,,,,,,2026-04-21 11:26,2026-04-21 11:26
75,Galleria d'Arte,Forum Austriaco di Cultura,Viale Bruno Buozzi 113,Roma,00197,Lazio,Italy,41.9189687,12.4785977,https://www.austriacult.roma.it/,,361161025,way,,,Sì,No,pending,not_contacted,,,,,,,,,,,2026-04-21 11:26,2026-04-21 11:26
51,Galleria d'Arte,Gagosian,Via Francesco Crispi 16,Roma,00187,Lazio,Italy,41.9033963,12.4856484,,,12009401566,node,,,No,No,pending,not_contacted,,,,,,,,,,,2026-04-21 11:26,2026-04-21 11:26
7,Galleria d'Arte,Galleria Colonna,Via della Pilotta 17,Roma,,Lazio,Italy,41.8974483,12.4848450,https://www.galleriacolonna.it/,,1649776329,node,,,Sì,No,pending,not_contacted,,,,,,,,,,,2026-04-21 11:26,2026-04-21 11:26
55,Galleria d'Arte,Galleria Vittoria,,Roma,,Lazio,Italy,41.9092422,12.4787826,https://www.galleriavittoria.com/,,12598119015,node,,,Sì,No,pending,not_contacted,,,,,,,,,,,2026-04-21 11:26,2026-04-21 15:19
31,Galleria d'Arte,Il Mitreo - Arte contemporanea,Via Marino Mazzacurati 61,Roma,00148,Lazio,Italy,41.8500918,12.4129511,http://www.mitreoiside.com/,+390665678224,7658165072,node,,,Sì,Sì,pending,not_contacted,,,,,,,,,,,2026-04-21 11:26,2026-04-21 11:26
25,Galleria d'Arte,Institut Français Italia,Piazza Farnese 67,Roma,00186,Lazio,Italy,41.8947365,12.4710586,https://www.institutfrancais.it/roma,,5763673455,node,,,Sì,No,pending,not_contacted,,,,,,,,,,,2026-04-21 11:26,2026-04-21 11:26
65,Galleria d'Arte,Istituto Giapponese di Cultura,,Roma,,Lazio,Italy,41.9186779,12.4792359,,,36972535,way,,,No,No,pending,not_contacted,,,,,,,,,,,2026-04-21 11:26,2026-04-21 15:19
62,Galleria d'Arte,Istituto Svizzero,Via Ludovisi 48,Roma,,Lazio,Italy,41.9063729,12.4876342,https://www.istitutosvizzero.it/,+39 06 420421,13440418491,node,,,Sì,Sì,pending,not_contacted,,,,,,,,,,,2026-04-21 11:26,2026-04-21 15:19
40,Galleria d'Arte,La Vaccheria,Via Giovanni l'Eltore 35,Roma,,Lazio,Italy,41.8134820,12.4580242,,,10018581203,node,,,No,No,pending,not_contacted,,,,,,,,,,,2026-04-21 11:26,2026-04-21 11:26
19,Galleria d'Arte,La casa del parco - Valle dei Casali,Via del Casaletto 400,Roma,00151,Lazio,Italy,41.8624312,12.4370369,,,4297742539,node,,,No,No,pending,not_contacted,,,,,,,,,,,2026-04-21 11:26,2026-04-21 11:26
61,Galleria d'Arte,Larte Sacra,Piazza di Sant'Agostino,Roma,,Lazio,Italy,41.9004821,12.4742011,,,13397487301,node,,,No,No,pending,not_contacted,,,,,,,,,,,2026-04-21 11:26,2026-04-21 15:19
48,Galleria d'Arte,Level Art Gallery,Via Acqui 6,Roma,,Lazio,Italy,41.8780482,12.5160769,,,11523011093,node,,,No,No,pending,not_contacted,,,,,,,,,,,2026-04-21 11:26,2026-04-21 15:19
27,Galleria d'Arte,Lorcan O'Neill Gallery,,Roma,,Lazio,Italy,41.8935364,12.4730019,,,6802315285,node,,,No,No,pending,not_contacted,,,,,,,,,,,2026-04-21 11:26,2026-04-21 15:19
35,Galleria d'Arte,Magazzini Popolari Casalbertone - MPC,Via Baldassarre Orero 61,Roma,00159,Lazio,Italy,41.8980491,12.5383398,,,9408880675,node,,,No,No,pending,not_contacted,,,,,,,,,,,2026-04-21 11:26,2026-04-21 11:26
59,Galleria d'Arte,Mancini - Vicollo Della Campana,Vicolo della Campana,Roma,,Lazio,Italy,41.9024612,12.4746943,,,13397449001,node,,,No,No,pending,not_contacted,,,,,,,,,,,2026-04-21 11:26,2026-04-21 15:19
12,Galleria d'Arte,Mattatoio,Piazza Orazio Giustiniani 4,Roma,00153,Lazio,Italy,41.8761617,12.4730895,https://www.mattatoioroma.it/,+390639967500,3218242360,node,,,Sì,Sì,pending,not_contacted,,,,,,,,,,,2026-04-21 11:26,2026-04-21 11:26
63,Galleria d'Arte,Metro Core Circolo ARCI,Via Guglielmo Albimonte 18c,Roma,00176,Lazio,Italy,41.8909840,12.5329763,https://linktr.ee/metrocore,,13634510101,node,,,Sì,No,pending,not_contacted,,,,,,,,,,,2026-04-21 11:26,2026-04-21 15:19
56,Galleria d'Arte,Monogramma,,Roma,,Lazio,Italy,41.9091749,12.4788580,https://www.monogramma.it/,,12598119016,node,,,Sì,No,pending,not_contacted,,,,,,,,,,,2026-04-21 11:26,2026-04-21 15:19
34,Galleria d'Arte,Musja,Via dei Chiavari 7,Roma,,Lazio,Italy,41.8951559,12.4742642,https://musja.it,,9329571853,node,,,Sì,No,pending,not_contacted,,,,,,,,,,,2026-04-21 11:26,2026-04-21 15:19
73,Galleria d'Arte,Officine Farneto,Via dei Monti della Farnesina 77,Roma,00194,Lazio,Italy,41.9383755,12.4514522,https://www.officinefarneto.it/,+39 06 8339 6746,310496948,way,,,Sì,Sì,pending,not_contacted,,,,,,,,,,,2026-04-21 11:26,2026-04-21 11:26
11,Galleria d'Arte,Officine Fotografiche,Via Giuseppe Libetta 1,Roma,00154,Lazio,Italy,41.8647080,12.4809347,http://www.officinefotografiche.org,+39 06 97274721,3106146429,node,,,Sì,Sì,pending,not_contacted,,,,,,,,,,,2026-04-21 11:26,2026-04-21 11:26
69,Galleria d'Arte,Oratorio del Gonfalone,Via del Gonfalone 32a,Roma,00186,Lazio,Italy,41.8973919,12.4663403,https://www.oratoriogonfalone.eu/,,127942179,way,,,Sì,No,pending,not_contacted,,,,,,,,,,,2026-04-21 11:26,2026-04-21 11:26
79,Galleria d'Arte,Palazzo della Civiltà del Lavoro,,Roma,,Lazio,Italy,41.8367058,12.4653215,,,1559654,relation,,,No,No,pending,not_contacted,,,,,,,,,,,2026-04-21 11:26,2026-04-21 15:19
49,Galleria d'Arte,Polo Culturale Montespaccato,Via Gaetano Mazzoni,Roma,00166,Lazio,Italy,41.9067873,12.3932717,,,11887066496,node,,,No,No,pending,not_contacted,,,,,,,,,,,2026-04-21 11:26,2026-04-21 11:26
64,Galleria d'Arte,Rhinoceros,Via dei Cerchi 19-23,Roma,00186,Lazio,Italy,41.8890630,12.4825363,https://www.rhinocerosroma.com/,+393601034177,13708984102,node,,,Sì,Sì,pending,not_contacted,,,,,,,,,,,2026-04-21 11:26,2026-04-21 15:19
14,Galleria d'Arte,Rialto,Via di Sant'Ambrogio 4,Roma,00186,Lazio,Italy,41.8933949,12.4777078,,,3242620877,node,,,No,No,pending,not_contacted,,,,,,,,,,,2026-04-21 11:26,2026-04-21 11:26
44,Galleria d'Arte,Richard Saltoun,Via Margutta 48/a,Roma,00187,Lazio,Italy,41.9085647,12.4796626,,+39 06 86678388,10567217338,node,,,No,Sì,pending,not_contacted,,,,,,,,,,,2026-04-21 11:26,2026-04-21 11:26
45,Galleria d'Arte,Roberto Di Costanzo,Via Giulia 111,Roma,00186,Lazio,Italy,41.8981000,12.4665156,,,11033864774,node,,,No,No,pending,not_contacted,,,,,,,,,,,2026-04-21 11:26,2026-04-21 11:26
54,Galleria d'Arte,Scula Arti Ornamentali,Via di San Giacomo 11,Roma,,Lazio,Italy,41.9079703,12.4788077,,,12043233056,node,,,No,No,pending,not_contacted,,,,,,,,,,,2026-04-21 11:26,2026-04-21 15:19
41,Galleria d'Arte,Snodo Mandrione,,Roma,,Lazio,Italy,41.8810733,12.5336551,https://www.snodomandrione.net/home/,+393276744460,10108047384,node,,,Sì,Sì,pending,not_contacted,,,,,,,,,,,2026-04-21 11:26,2026-04-21 15:19
9,Galleria d'Arte,Spazio Anarchico 19 Luglio,Via Rocco Da Cesinale 18,Roma,,Lazio,Italy,41.8650534,12.4902548,,,1775040128,node,,,No,No,pending,not_contacted,,,,,,,,,,,2026-04-21 11:26,2026-04-21 11:26
20,Galleria d'Arte,Spazio Diamante,Via Prenestina 230b,Roma,00176,Lazio,Italy,41.8921506,12.5392755,,,4660196067,node,,,No,No,pending,not_contacted,,,,,,,,,,,2026-04-21 11:26,2026-04-21 11:26
17,Galleria d'Arte,Spazio Eventi Tirso,Via Tirso 14,Roma,,Lazio,Italy,41.9186211,12.4982595,http://www.spazioeventitirso.it/,+39 366 3044785,4045508882,node,,,Sì,Sì,pending,not_contacted,,,,,,,,,,,2026-04-21 11:26,2026-04-21 15:19
74,Galleria d'Arte,Spazio Impero,Via di Acqua Bullicante,Roma,00177,Lazio,Italy,41.8836477,12.5428993,https://eventionstage.com/,,335133675,way,,,Sì,No,pending,not_contacted,,,,,,,,,,,2026-04-21 11:26,2026-04-21 11:26
39,Galleria d'Arte,Spazio Recherche,Viale dell'Acquedotto Alessandrino 44,Roma,00177,Lazio,Italy,41.8748830,12.5433922,,,9838347437,node,,,No,No,pending,not_contacted,,,,,,,,,,,2026-04-21 11:26,2026-04-21 11:26
47,Galleria d'Arte,Spazio Treccani Arte,Piazza dell'Enciclopedia Italiana,Roma,00186,Lazio,Italy,41.8946455,12.4775492,,,11233802634,node,,,No,No,pending,not_contacted,,,,,,,,,,,2026-04-21 11:26,2026-04-21 11:26
6,Galleria d'Arte,Tavola Rotonda,Via Nizza 72,Roma,00198,Lazio,Italy,41.9123343,12.5003052,https://www.tavolarotonda.org/,,1602352449,node,,,Sì,No,pending,not_contacted,,,,,,,,,,,2026-04-21 11:26,2026-04-21 11:26
23,Galleria d'Arte,Teatro a vista,Via Antonio Coppi 8d,Roma,00179,Lazio,Italy,41.8700771,12.5153633,https://www.teatroavista.com/,+39 338 4861926,5239420129,node,,,Sì,Sì,pending,not_contacted,,,,,,,,,,,2026-04-21 11:26,2026-04-21 11:26
15,Galleria d'Arte,Tevere Art Gallery,Via di Santa Passera 25,Roma,00146,Lazio,Italy,41.8575711,12.4603925,https://www.tevereartgallery.net/,+39065561290,3874392113,node,,,Sì,Sì,pending,not_contacted,,,,,,,,,,,2026-04-21 11:26,2026-04-21 15:19
52,Galleria d'Arte,Veneziani Arte Srl,Via Sistina 56,Roma,,Lazio,Italy,41.9050191,12.4851194,,,12011747454,node,,,No,No,pending,not_contacted,,,,,,,,,,,2026-04-21 11:26,2026-04-21 15:19
80,Galleria d'Arte,Visiva,,Roma,,Lazio,Italy,41.8813388,12.5275115,,,3292555,relation,,,No,No,pending,not_contacted,,,,,,,,,,,2026-04-21 11:26,2026-04-21 15:19
43,Galleria d'Arte,WeGil,Largo Ascianghi 5,Roma,00153,Lazio,Italy,41.8846619,12.4720736,,,10288559994,node,,,No,No,pending,not_contacted,,,,,,,,,,,2026-04-21 11:26,2026-04-21 11:26
3,Galleria d'Arte,Wunderkammern,Via Gabrio Serbelloni 124,Roma,00176,Lazio,Italy,41.8773320,12.5406341,,,564286703,node,,,No,No,pending,not_contacted,,,,,,,,,,,2026-04-21 11:26,2026-04-21 11:26
22,Galleria d'Arte,dolceVita Gallery,Via Palermo 41,Roma,00184,Lazio,Italy,41.8985671,12.4916751,http://dolcevita-gallery.com,,5236700644,node,,,Sì,No,pending,not_contacted,,,,,,,,,,,2026-04-21 11:26,2026-04-21 15:19
32,Galleria d'Arte,medina,Via Angelo Poliziano 6,Roma,00184,Lazio,Italy,41.8925502,12.5013067,,,8387137790,node,,,No,No,pending,not_contacted,,,,,,,,,,,2026-04-21 11:26,2026-04-21 11:26
50,Galleria d'Arte,postO,Via Castelguidone 3,Roma,,Lazio,Italy,41.8987086,12.5393091,https://postocentroculturale.wordpress.com/,,11908513442,node,,,Sì,No,pending,not_contacted,,,,,,,,,,,2026-04-21 11:26,2026-04-21 15:19
312,Libreria,Ace Cafè,Via Gasperina 126,Roma,00173,,Italy,41.8320249,12.5991525,,+393318718082,7765253678,node,,,No,Sì,partially_enriched,not_contacted,,,,,,,,,,,2026-04-21 12:34,2026-04-21 17:44
363,Libreria,Alegre libreria,,Pisa,,,Italy,41.8894131,12.5270541,,,13456146627,node,,,No,No,pending,not_contacted,,,,,,,,,,,2026-04-21 12:34,2026-04-21 17:51
264,Libreria,Almost Corner Bookshop,Via del Moro 45,Roma,00153,,Italy,41.8906706,12.4706672,,,3836026357,node,,,No,No,pending,not_contacted,,,,,,,,,,,2026-04-21 12:34,2026-04-21 12:34
344,Libreria,Altroquando,"Via del Governo Vecchio 82,83",Pisa,,,Italy,41.8978704,12.4718089,https://altroquando.com,+39066879825,11991869332,node,,,Sì,Sì,partially_enriched,not_contacted,,,,,,,,,,,2026-04-21 12:34,2026-04-21 17:51
267,Libreria,Anomalia,Via dei Campani 73,Roma,00185,,Italy,41.8950592,12.5156646,,+3906491335,3889176952,node,,,No,Sì,partially_enriched,not_contacted,,,,,,,,,,,2026-04-21 12:34,2026-04-21 17:44
298,Libreria,Antica Libreria Cascianelli,,Pisa,,,Italy,41.8999931,12.4724385,,,6392725385,node,,,No,No,pending,not_contacted,,,,,,,,,,,2026-04-21 12:34,2026-04-21 17:51
311,Libreria,Arethusa,Viale della Primavera 101,Roma,00172,,Italy,41.8836436,12.5610716,https://arethusalibri.it,+39062412310,7711271241,node,,,Sì,Sì,partially_enriched,not_contacted,,,,,,,,,,,2026-04-21 12:34,2026-04-21 17:44
279,Libreria,Articoliper belle arti,,Pisa,,,Italy,41.8974403,12.4785386,,,4792951821,node,,,No,No,pending,not_contacted,,,,,,,,,,,2026-04-21 12:34,2026-04-21 17:51
335,Libreria,Aurelia Books,,Pisa,,,Italy,41.8816361,12.4258836,,,11748913462,node,,,No,No,pending,not_contacted,,,,,,,,,,,2026-04-21 12:34,2026-04-21 17:51
323,Libreria,Aviolibri,,Pisa,,,Italy,41.8959753,12.5148339,https://aviolibri.com,,10103054458,node,,,Sì,No,partially_enriched,not_contacted,,,,,,,,,,,2026-04-21 12:34,2026-04-21 17:51
328,Libreria,Bancolibri Cinecittà,Piazza dei Cavalieri del Lavoro 8,Roma,00173,,Italy,41.8597572,12.5728591,https://bancolibri.it/store/bancolibri-cinecitta,,11384524908,node,,,Sì,No,partially_enriched,not_contacted,,,,,,,,,,,2026-04-21 12:34,2026-04-21 17:44
352,Libreria,Book-Cycle,Via Ciro da Urbino 17,Pisa,00176,,Italy,41.8780455,12.5411328,https://book-cycle.it,,12905680701,node,,,Sì,No,partially_enriched,not_contacted,,,,,,,,,,,2026-04-21 12:34,2026-04-21 17:51
245,Libreria,Bookstore Palazzo delle Esposizioni,Via Milano 15-17,Pisa,,,Italy,41.8991955,12.4901195,,+390648913361,1710679145,node,,,No,Sì,partially_enriched,not_contacted,,,,,,,,,,,2026-04-21 12:34,2026-04-21 17:51
241,Libreria,Borri Books,Piazza dei Cinquecento,Roma,00185,,Italy,41.9007353,12.5009459,https://borribooks.com,+39064828422,1552841170,node,,,Sì,Sì,partially_enriched,not_contacted,,,,,,,,,,,2026-04-21 12:34,2026-04-21 17:44
236,Libreria,Cartolibreria,Viale delle Medaglie d'Oro 15,Roma,,,Italy,41.9101039,12.4471258,,+390639731796,1062331416,node,,,No,Sì,partially_enriched,not_contacted,,,,,,,,,,,2026-04-21 12:34,2026-04-21 17:44
297,Libreria,Cartolibreria di Marrakech,Via dei Pioppi 10b,Roma,00172,,Italy,41.8772999,12.5679119,,+390623219348,6310120141,node,,,No,Sì,partially_enriched,not_contacted,,,,,,,,,,,2026-04-21 12:34,2026-04-21 17:44
289,Libreria,Cento Incroci,Via delle Palme 158,Pisa,00172,,Italy,41.8902818,12.5704826,https://centoincroci.regione.lazio.it,,5384442607,node,,,Sì,No,partially_enriched,not_contacted,,,,,,,,,,,2026-04-21 12:34,2026-04-21 17:51
321,Libreria,Colosseum Shop,,Pisa,,,Italy,41.8906584,12.4914862,,,9780170491,node,,,No,No,pending,not_contacted,,,,,,,,,,,2026-04-21 12:34,2026-04-21 17:51
307,Libreria,Compro Libri,,Pisa,,,Italy,41.9140141,12.4647587,,,7119022817,node,,,No,No,pending,not_contacted,,,,,,,,,,,2026-04-21 12:34,2026-04-21 17:51
332,Libreria,Diddodo,via Berengario 24,Pisa,,,Italy,41.9104039,12.5225589,https://diddodo.it/microlibreria,,11455464076,node,,,Sì,No,partially_enriched,not_contacted,,,,,,,,,,,2026-04-21 12:34,2026-04-21 17:51
310,Libreria,Eco di Fata,Via Michelangelo Tamburini 10;12,Pisa,,,Italy,41.8663572,12.4928842,,+39065124531,7273866555,node,,,No,Sì,partially_enriched,not_contacted,,,,,,,,,,,2026-04-21 12:34,2026-04-21 17:51
292,Libreria,Edicola,,Pisa,,,Italy,41.9179778,12.4387490,,,5486072167,node,,,No,No,pending,not_contacted,,,,,,,,,,,2026-04-21 12:34,2026-04-21 17:51
340,Libreria,Edizioni Paoline,Piazza di San Giovanni in Laterano 18,Roma,00184,,Italy,41.8877149,12.5064672,,+390670474267,11795518206,node,,,No,Sì,partially_enriched,not_contacted,,,,,,,,,,,2026-04-21 12:34,2026-04-21 17:44
343,Libreria,Eldorado Comics,Via Pietro Blaserna 18,Roma,00146,,Italy,41.8655200,12.4699403,,+393403719134,11975362898,node,,,No,Sì,partially_enriched,not_contacted,,,,,,,,,,,2026-04-21 12:34,2026-04-21 17:51
263,Libreria,Equi Libri,Via degli Equi 14,Roma,00185,,Italy,41.8969258,12.5124926,,+39064469991,3835629868,node,,,No,Sì,partially_enriched,not_contacted,,,,,,,,,,,2026-04-21 12:34,2026-04-21 17:44
359,Libreria,Feltrinelli,,Pisa,,,Italy,41.9322071,12.5200509,,,13345676636,node,,,No,No,pending,not_contacted,,,,,,,,,,,2026-04-21 12:34,2026-04-21 17:51
346,Libreria,Galactus,Via Gualdo Tadino 27,Roma,00181,,Italy,41.8768062,12.5279345,https://galactus.it/tuscolana,+390694378100,12139760957,node,,,Sì,Sì,partially_enriched,not_contacted,,,,,,,,,,,2026-04-21 12:34,2026-04-21 17:44
268,Libreria,Giufà,Via degli Aurunci 38,Roma,00185,,Italy,41.8963192,12.5149742,https://libreriagiufa.it,+390644361406,4181782647,node,,,Sì,Sì,partially_enriched,not_contacted,,,,,,,,,,,2026-04-21 12:34,2026-04-21 17:44
336,Libreria,Giunti al Punto,,Pisa,,,Italy,41.8818349,12.5600888,,,11772119558,node,,,No,No,pending,not_contacted,,,,,,,,,,,2026-04-21 12:34,2026-04-21 17:51
355,Libreria,Il Giardino Incartato,Via del Pigneto 303c,Roma,00176,,Italy,41.8859780,12.5375230,https://ilgiardinoincartato.com,+390696045437,13001355051,node,,,Sì,Sì,partially_enriched,not_contacted,,,,,,,,,,,2026-04-21 12:34,2026-04-21 17:51
234,Libreria,Il Tiaso,Via Perugia 20,Roma,00176,,Italy,41.8898116,12.5256948,,,552579747,node,,,No,No,pending,not_contacted,,,,,,,,,,,2026-04-21 12:34,2026-04-21 12:34
251,Libreria,Il seme,,Pisa,,,Italy,41.9168271,12.4636571,,,2054155914,node,,,No,No,pending,not_contacted,,,,,,,,,,,2026-04-21 12:34,2026-04-21 17:51
324,Libreria,Jaku Toys Fumetteria,,Pisa,,,Italy,41.8659084,12.4873210,https://jakutoys.com,,10758445613,node,,,Sì,No,partially_enriched,not_contacted,,,,,,,,,,,2026-04-21 12:34,2026-04-21 17:51
366,Libreria,Karma Komix,Via Luca Valerio 32,Roma,00146,,Italy,41.8641281,12.4730932,https://karmakomix.it,+390655389165,13703040299,node,,,Sì,Sì,partially_enriched,not_contacted,,,,,,,,,,,2026-04-21 12:34,2026-04-21 17:44
253,Libreria,L'Emporio alla Pace,Via della Pace 28,Pisa,,,Italy,41.8991505,12.4712155,,+390668802938,2339542764,node,,,No,Sì,partially_enriched,not_contacted,,,,,,,,,,,2026-04-21 12:34,2026-04-21 17:51
243,Libreria,La Feltrinelli,Viale Eritrea 72/M;72/N,Roma,,,Italy,41.9274155,12.5159118,,,1641654459,node,,,No,No,pending,not_contacted,,,,,,,,,,,2026-04-21 12:34,2026-04-21 12:34
235,Libreria,La Feltrinelli,Viale Giulio Cesare 88,Roma,00192,,Italy,41.9092502,12.4567059,,+39063772411,745968416,node,,,No,Sì,partially_enriched,not_contacted,,,,,,,,,,,2026-04-21 12:34,2026-04-21 17:44
249,Libreria,La Feltrinelli,Via Appia Nuova 427/a,Roma,00181,,Italy,41.8738648,12.5244060,,,1800052935,node,,,No,No,pending,not_contacted,,,,,,,,,,,2026-04-21 12:34,2026-04-21 17:51
345,Libreria,La Feltrinelli,,Pisa,,,Italy,41.9074106,12.4485183,,,12123791337,node,,,No,No,pending,not_contacted,,,,,,,,,,,2026-04-21 12:34,2026-04-21 17:51
274,Libreria,La Feltrinelli,Via Vittorio Emanuele Orlando 79,Roma,00185,,Italy,41.9035496,12.4951202,https://lafeltrinelli.it,+393405021458,4497960475,node,,,Sì,Sì,partially_enriched,not_contacted,,,,,,,,,,,2026-04-21 12:34,2026-04-21 17:44
371,Libreria,La Feltrinelli,Via Luigi Condorelli,Roma,00144,,Italy,41.8175014,12.4585281,,,1204398861,way,,,No,No,pending,not_contacted,,,,,,,,,,,2026-04-21 12:34,2026-04-21 12:34
365,Libreria,La Feltrinelli,Via Laurentina 865,Roma,00143,,Italy,41.8077440,12.4852281,https://lafeltrinelli.it,+390601908955,1132719846,way,,,Sì,Sì,partially_enriched,not_contacted,,,,,,,,,,,2026-04-21 12:34,2026-04-21 17:51
372,Libreria,La Feltrinelli,Viale Guglielmo Marconi 176-194,Roma,00146,,Italy,41.8654341,12.4684695,,+390655341701,1906769,relation,,,No,Sì,partially_enriched,not_contacted,,,,,,,,,,,2026-04-21 12:34,2026-04-21 17:44
347,Libreria,La Feltrinelli,Viale Ventuno Aprile 87,Roma,00162,,Italy,41.9146794,12.5206458,,+390644244437,12222380646,node,,,No,Sì,partially_enriched,not_contacted,,,,,,,,,,,2026-04-21 12:34,2026-04-21 17:44
300,Libreria,La Feltrinelli,Largo Agostino Gemelli,Roma,00135,,Italy,41.9300823,12.4286814,,,6747186440,node,,,No,No,pending,not_contacted,,,,,,,,,,,2026-04-21 12:34,2026-04-21 12:34
238,Libreria,La Feltrinelli,Largo di Torre Argentina 5a,Roma,00186,,Italy,41.8962528,12.4765058,,,1141104517,node,,,No,No,pending,not_contacted,,,,,,,,,,,2026-04-21 12:34,2026-04-21 12:34
299,Libreria,La Feltrinelli,Via del Casale Redicicoli,Roma,00139,,Italy,41.9703215,12.5383189,https://lafeltrinelli.it/fcom/it/home/pages/puntivendita/negozi/trova/roma/fsr-roma-porta-di-roma.html,,6726992580,node,,,Sì,No,partially_enriched,not_contacted,,,,,,,,,,,2026-04-21 12:34,2026-04-21 17:44
315,Libreria,La Fenice,Via Merulana 80,Roma,00185,,Italy,41.8920407,12.5020811,,+390664764727,8387143265,node,,,No,Sì,partially_enriched,not_contacted,,,,,,,,,,,2026-04-21 12:34,2026-04-21 17:44
357,Libreria,La Leoniana,,Pisa,,,Italy,41.9029999,12.4592017,,,13238428767,node,,,No,No,pending,not_contacted,,,,,,,,,,,2026-04-21 12:34,2026-04-21 17:51
290,Libreria,La Libreria Cisu,Viale Ippocrate 99,Pisa,,,Italy,41.9066062,12.5172545,,,5435192235,node,,,No,No,pending,not_contacted,,,,,,,,,,,2026-04-21 12:34,2026-04-21 17:51
286,Libreria,La Libroleria,Via della Villa di Lucina 48,Pisa,,,Italy,41.8554795,12.4844970,,+390686983034,4963646487,node,,,No,Sì,partially_enriched,not_contacted,,,,,,,,,,,2026-04-21 12:34,2026-04-21 17:51
291,Libreria,La Sapienza,Viale Ippocrate 158,Pisa,,,Italy,41.9066442,12.5168288,,,5435192236,node,,,No,No,pending,not_contacted,,,,,,,,,,,2026-04-21 12:34,2026-04-21 17:51
329,Libreria,La Scaletta,Viale Ippocrate 96/a,Pisa,,,Italy,41.9078217,12.5183996,,,11446068913,node,,,No,No,pending,not_contacted,,,,,,,,,,,2026-04-21 12:34,2026-04-21 17:51
326,Libreria,La Testa Di Ferro,,Pisa,,,Italy,41.8953403,12.4979775,,,10871514662,node,,,No,No,pending,not_contacted,,,,,,,,,,,2026-04-21 12:34,2026-04-21 17:51
319,Libreria,La mia libreria,Via Renzo Da Ceri 87,Roma,00176,,Italy,41.8876385,12.5384513,,,9016976877,node,,,No,No,pending,not_contacted,,,,,,,,,,,2026-04-21 12:34,2026-04-21 12:34
320,Libreria,Le Petre,Via di Val Tellina 72,Roma,00151,,Italy,41.8677370,12.4477890,,,9299676814,node,,,No,No,pending,not_contacted,,,,,,,,,,,2026-04-21 12:34,2026-04-21 17:51
296,Libreria,Le Storie,Via Giulio Rocco 37,Pisa,,,Italy,41.8628148,12.4797542,,,6267724979,node,,,No,No,pending,not_contacted,,,,,,,,,,,2026-04-21 12:34,2026-04-21 17:51
239,Libreria,Libraccio,Via Nazionale 254,Roma,00184,,Italy,41.9019886,12.4949415,,,1315999043,node,,,No,No,pending,not_contacted,,,,,,,,,,,2026-04-21 12:34,2026-04-21 12:34
266,Libreria,Libreria,Via di Santa Maria Maggiore 121,Roma,00184,,Italy,41.8973994,12.4957356,,,3878100133,node,,,No,No,pending,not_contacted,,,,,,,,,,,2026-04-21 12:34,2026-04-21 12:34
273,Libreria,Libreria A.R. Edizioni,Piazza Manfredo Fanti 47,Roma,,,Italy,41.8976252,12.5027568,,+390697604531,4393291406,node,,,No,Sì,partially_enriched,not_contacted,,,,,,,,,,,2026-04-21 12:34,2026-04-21 17:44
309,Libreria,Libreria Antiquaria Borromini al Pantheon,Via degli Orfani 91,Roma,00186,,Italy,41.8996716,12.4774177,,,7161119104,node,,,No,No,pending,not_contacted,,,,,,,,,,,2026-04-21 12:34,2026-04-21 12:34
270,Libreria,Libreria Boccea,Via Gregorio XIII 93,Roma,00167,,Italy,41.9059389,12.4184045,,,4274909432,node,,,No,No,pending,not_contacted,,,,,,,,,,,2026-04-21 12:34,2026-04-21 12:34
269,Libreria,Libreria Caffè Tomo,Via degli Etruschi 4,Roma,00185,,Italy,41.8981329,12.5142508,https://libreriatomo.com,+390688659458,4181798454,node,,,Sì,Sì,partially_enriched,not_contacted,,,,,,,,,,,2026-04-21 12:34,2026-04-21 17:44
314,Libreria,Libreria Cesaretti al Collegio Romano,Via del Piè di Marmo 27,Roma,00186,,Italy,41.8976049,12.4793392,https://libreriacesaretti.com,+39066786264,7900365888,node,,,Sì,Sì,partially_enriched,not_contacted,,,,,,,,,,,2026-04-21 12:34,2026-04-21 17:44
364,Libreria,Libreria Cicerone,Largo Chigi 1a,Roma,00187,,Italy,41.9013416,12.4804354,https://libreriacicerone.com,,13476081169,node,,,Sì,No,partially_enriched,not_contacted,,,,,,,,,,,2026-04-21 12:34,2026-04-21 17:44
284,Libreria,Libreria Coletti,Via della Conciliazione 3a,Roma,,,Italy,41.9021525,12.4628096,https://libreriacoletti.it,+39066868490,4823743621,node,,,Sì,Sì,partially_enriched,not_contacted,,,,,,,,,,,2026-04-21 12:34,2026-04-21 17:44
322,Libreria,Libreria Cristiana,Via Curtatone 10,Roma,00185,,Italy,41.9046518,12.5009569,,+39064940633,9784529426,node,,,No,Sì,partially_enriched,not_contacted,,,,,,,,,,,2026-04-21 12:34,2026-04-21 17:44
330,Libreria,Libreria Dias,Viale Ippocrate 105,Pisa,,,Italy,41.9064889,12.5171152,https://libreriadias.com,+39064469248,11446648815,node,,,Sì,Sì,partially_enriched,not_contacted,,,,,,,,,,,2026-04-21 12:34,2026-04-21 17:51
301,Libreria,Libreria Editrice Vaticana,,Pisa,,,Italy,41.9016383,12.4554505,,,6897263484,node,,,No,No,pending,not_contacted,,,,,,,,,,,2026-04-21 12:34,2026-04-21 17:51
260,Libreria,Libreria Efesto,Via Corrado Segre 11,Pisa,,,Italy,41.8547528,12.4715753,,,3233715025,node,,,No,No,pending,not_contacted,,,,,,,,,,,2026-04-21 12:34,2026-04-21 17:51
293,Libreria,Libreria Errante,Via Bellegra 46,Roma,00171,,Italy,41.8932158,12.5565321,,+390631079007,5488564606,node,,,No,Sì,partially_enriched,not_contacted,,,,,,,,,,,2026-04-21 12:34,2026-04-21 17:44
341,Libreria,Libreria Esoterica Harmonia Mundi,Via dei Santi Quattro 26a,Pisa,00184,,Italy,41.8887161,12.4976275,https://harmonia-mundi.it,+390670476834393493400396,11813593969,node,,,Sì,Sì,partially_enriched,not_contacted,,,,,,,,,,,2026-04-21 12:34,2026-04-21 17:51
272,Libreria,Libreria Europa,Via Tunisi 3a,Pisa,,,Italy,41.9075413,12.4528049,,,4324251492,node,,,No,No,pending,not_contacted,,,,,,,,,,,2026-04-21 12:34,2026-04-21 17:51
368,Libreria,Libreria Farenheit 451,Campo de' Fiori 44,Pisa,,,Italy,41.8955953,12.4725262,,,13716775901,node,,,No,No,pending,not_contacted,,,,,,,,,,,2026-04-21 12:34,2026-04-21 17:51
339,Libreria,Libreria GRIOT,Via di Santa Cecilia 1/A,Roma,00153,,Italy,41.8875858,12.4773005,https://libreriagriot.it,+390658334116,11778306004,node,,,Sì,Sì,partially_enriched,not_contacted,,,,,,,,,,,2026-04-21 12:34,2026-04-21 17:44
348,Libreria,Libreria I Granai,Via Mario Rigamonti 100,Roma,00142,,Italy,41.8373192,12.5025164,,+390651955770,12402799180,node,,,No,Sì,partially_enriched,not_contacted,,,,,,,,,,,2026-04-21 12:34,2026-04-21 17:44
247,Libreria,Libreria Il BrucaLibro,Via Martignano 10,Roma,,,Italy,41.9248356,12.5111836,https://ilbrucalibro.it,,1786192229,node,,,Sì,No,partially_enriched,not_contacted,,,,,,,,,,,2026-04-21 12:34,2026-04-21 17:44
254,Libreria,Libreria Libri Necessari,Via degli Zingari 22,Roma,,,Italy,41.8953848,12.4925316,https://librinecessari.it,,2583422856,node,,,Sì,No,partially_enriched,not_contacted,,,,,,,,,,,2026-04-21 12:34,2026-04-21 17:44
342,Libreria,Libreria Mondadori,,Pisa,,,Italy,41.9084545,12.4984998,,,11845202490,node,,,No,No,pending,not_contacted,,,,,,,,,,,2026-04-21 12:34,2026-04-21 17:51
244,Libreria,Libreria Mondadori,Piazza della Balduina 12,Roma,00136,,Italy,41.9197964,12.4420126,https://libreriemondadori.com,,1689251963,node,,,Sì,No,partially_enriched,not_contacted,,,,,,,,,,,2026-04-21 12:34,2026-04-21 17:44
255,Libreria,Libreria Offidani,,Pisa,,,Italy,41.9151109,12.4621263,,+39063723898,2609205496,node,,,No,Sì,partially_enriched,not_contacted,,,,,,,,,,,2026-04-21 12:34,2026-04-21 17:51
277,Libreria,Libreria Pagina2,Via Cairoli 63,Roma,00185,,Italy,41.8934991,12.5070916,,,4665701407,node,,,No,No,pending,not_contacted,,,,,,,,,,,2026-04-21 12:34,2026-04-21 12:34
337,Libreria,Libreria Panisperna 220,Via Panisperna 220,Roma,00184,,Italy,41.8965482,12.4918954,,+390688372870,11778231179,node,,,No,Sì,partially_enriched,not_contacted,,,,,,,,,,,2026-04-21 12:34,2026-04-21 17:44
349,Libreria,Libreria Paoline,,Pisa,,,Italy,41.8350350,12.4826256,https://paoline.it/librerie/lazio/roma-tre-fontane-acque-salvie.html,,12479418120,node,,,Sì,No,partially_enriched,not_contacted,,,,,,,,,,,2026-04-21 12:34,2026-04-21 17:51
259,Libreria,Libreria Risvolti,Via Sestio Calvino 73,Roma,00174,,Italy,41.8534573,12.5650574,,+390689537244,3107019702,node,,,No,Sì,partially_enriched,not_contacted,,,,,,,,,,,2026-04-21 12:34,2026-04-21 17:44
283,Libreria,Libreria San Paolo,Via della Conciliazione 16,Roma,00193,,Italy,41.9025696,12.4618438,,,4823743521,node,,,No,No,pending,not_contacted,,,,,,,,,,,2026-04-21 12:34,2026-04-21 12:34
361,Libreria,Libreria Sottomarina,Via Filippo Corridoni 14,Pisa,,,Italy,41.9209210,12.4608182,https://libreriasottomarina.it,+393203530903,13363072295,node,,,Sì,Sì,partially_enriched,not_contacted,,,,,,,,,,,2026-04-21 12:34,2026-04-21 17:51
350,Libreria,Libreria Stendhal,Piazza di San Luigi De' Francesi 23,Pisa,00186,,Italy,41.8998096,12.4747697,https://libreriastendhal.com,+390668307598,12487900901,node,,,Sì,Sì,partially_enriched,not_contacted,,,,,,,,,,,2026-04-21 12:34,2026-04-21 17:51
360,Libreria,Libreria Tara,Piazza del Teatro di Pompeo 41,Pisa,,,Italy,41.8960635,12.4726947,https://libroccasione.com,+390668808227,13363040945,node,,,Sì,Sì,partially_enriched,not_contacted,,,,,,,,,,,2026-04-21 12:34,2026-04-21 17:51
288,Libreria,Libreria Teatro Tlon,Via Federico Nansen 14;16,Pisa,00154,,Italy,41.8710293,12.4819577,https://tlon.it,+390645653446,5090066036,node,,,Sì,Sì,partially_enriched,not_contacted,,,,,,,,,,,2026-04-21 12:34,2026-04-21 17:51
294,Libreria,Libreria Testaccio,,Pisa,,,Italy,41.8800601,12.4758613,,,5578903423,node,,,No,No,pending,not_contacted,,,,,,,,,,,2026-04-21 12:34,2026-04-21 17:51
333,Libreria,Libreria Universitaria,,Pisa,,,Italy,41.9065840,12.5164429,,,11456598906,node,,,No,No,pending,not_contacted,,,,,,,,,,,2026-04-21 12:34,2026-04-21 17:51
354,Libreria,Libreria claudiana,Piazza Cavour 32,Roma,00193,,Italy,41.9062487,12.4705986,,,12994840472,node,,,No,No,pending,not_contacted,,,,,,,,,,,2026-04-21 12:34,2026-04-21 12:34
353,Libreria,Libreria del Senato della Repubblica Italiana,,Pisa,,,Italy,41.9007684,12.4765267,,,12988226543,node,,,No,No,pending,not_contacted,,,,,,,,,,,2026-04-21 12:34,2026-04-21 17:51
275,Libreria,Libreria del Viaggiatore,Via del Pellegrino 165,Roma,00186,,Italy,41.8970188,12.4702825,,,4557149491,node,,,No,No,pending,not_contacted,,,,,,,,,,,2026-04-21 12:34,2026-04-21 12:34
280,Libreria,Libreria minimun fax,Via della Lungaretta 90e,Pisa,00153,,Italy,41.8897937,12.4706755,,+39065894710,4818323822,node,,,No,Sì,partially_enriched,not_contacted,,,,,,,,,,,2026-04-21 12:34,2026-04-21 17:51
287,Libreria,Libreria scuola e cultura,Via Ugo Ojetti 173,Roma,00137,,Italy,41.9447780,12.5516314,https://libreriascuolaecultura.it,+39068274114,5042591323,node,,,Sì,Sì,partially_enriched,not_contacted,,,,,,,,,,,2026-04-21 12:34,2026-04-21 17:51
282,Libreria,Librería Paulinas,Via San Giovanni Eudes 25,Roma,00163,,Italy,41.8738427,12.4109046,,,4823704921,node,,,No,No,pending,not_contacted,,,,,,,,,,,2026-04-21 12:34,2026-04-21 12:34
237,Libreria,Libri Usati,,Pisa,,,Italy,41.9118759,12.4495008,,,1062337592,node,,,No,No,pending,not_contacted,,,,,,,,,,,2026-04-21 12:34,2026-04-21 17:51
258,Libreria,Libri usati,,Pisa,,,Italy,41.9154681,12.4642952,,,2987343525,node,,,No,No,pending,not_contacted,,,,,,,,,,,2026-04-21 12:34,2026-04-21 17:51
261,Libreria,Libro Divino,Via degli Zingari 49,Pisa,,,Italy,41.8951986,12.4922245,,,3781269004,node,,,No,No,pending,not_contacted,,,,,,,,,,,2026-04-21 12:34,2026-04-21 17:51
252,Libreria,Libropoli,,Pisa,,,Italy,41.8628921,12.4794770,,,2231708738,node,,,No,No,pending,not_contacted,,,,,,,,,,,2026-04-21 12:34,2026-04-21 17:51
246,Libreria,Lo Yeti,Via Perugia 4,Pisa,,,Italy,41.8898010,12.5251962,,,1759856902,node,,,No,No,pending,not_contacted,,,,,,,,,,,2026-04-21 12:34,2026-04-21 17:51
248,Libreria,Lo Yeti libreria-caffé,Via Perugia 4,Roma,00176,,Italy,41.8898403,12.5252749,https://loyeti.org,+39067025633,1793395338,node,,,Sì,Sì,partially_enriched,not_contacted,,,,,,,,,,,2026-04-21 12:34,2026-04-21 17:44
370,Libreria,Mabook Store,Via Laurentina 865,Roma,00143,,Italy,41.8073715,12.4863937,,+390666739595,1132982095,way,,,No,Sì,partially_enriched,not_contacted,,,,,,,,,,,2026-04-21 12:34,2026-04-21 17:44
331,Libreria,Mercatone Del Libro,Via Giovanni Mingazzini 3a,Pisa,,,Italy,41.9079979,12.5170141,,,11446850294,node,,,No,No,pending,not_contacted,,,,,,,,,,,2026-04-21 12:34,2026-04-21 17:51
334,Libreria,Mondadori,,Pisa,,,Italy,41.8938788,12.5037643,,,11478760849,node,,,No,No,pending,not_contacted,,,,,,,,,,,2026-04-21 12:34,2026-04-21 17:51
240,Libreria,Mondadori,Viale Guglielmo Marconi 70,Roma,,,Italy,41.8680629,12.4674990,,+39065576207,1542636118,node,,,No,Sì,partially_enriched,not_contacted,,,,,,,,,,,2026-04-21 12:34,2026-04-21 17:51
250,Libreria,Mondadori,Piazza Cola di Rienzo 81/83,Roma,00192,,Italy,41.9086647,12.4669259,https://mondadoristore.it/app/storelocator/detail,+39063220188,2021729373,node,,,Sì,Sì,partially_enriched,not_contacted,,,,,,,,,,,2026-04-21 12:34,2026-04-21 17:44
302,Libreria,Mondadori,Viale del Lavoro 4,Ciampino,00043,,Italy,41.8029760,12.5983347,,+3906791919177,6959246593,node,,,No,Sì,partially_enriched,not_contacted,,,,,,,,,,,2026-04-21 12:34,2026-04-21 17:51
256,Libreria,Mondadori,Via Tuscolana 771,Roma,00174,,Italy,41.8603767,12.5563896,https://mondadorituscolanaroma.it,+39067615654,2628531881,node,,,Sì,Sì,partially_enriched,not_contacted,,,,,,,,,,,2026-04-21 12:34,2026-04-21 17:44
318,Libreria,Mondadori,Via Alberto Pollio 50,Roma,00159,,Italy,41.8991076,12.5323036,,+39069451581,8971681491,node,,,No,Sì,partially_enriched,not_contacted,,,,,,,,,,,2026-04-21 12:34,2026-04-21 17:44
285,Libreria,Mondadori,Via Appia Nuova 51,Roma,00182,,Italy,41.8843865,12.5113075,https://mondadoristore.it/negozi/libreria/mondadori-bookstore-roma-appia-nuova/mxv928,+39067003690,4847967975,node,,,Sì,Sì,partially_enriched,not_contacted,,,,,,,,,,,2026-04-21 12:34,2026-04-21 17:44
369,Libreria,Mondadori,Via Enrico Ferri,Roma,00173,,Italy,41.8508204,12.5999523,,,211927685,way,,,No,No,pending,not_contacted,,,,,,,,,,,2026-04-21 12:34,2026-04-21 12:34
356,Libreria,NoteBook,Viale Pietro de Coubertin,Roma,00196,,Italy,41.9295618,12.4741852,,,13144326053,node,,,No,No,pending,not_contacted,,,,,,,,,,,2026-04-21 12:34,2026-04-21 12:34
278,Libreria,ONEROOM Books,Piazza dei Satiri 55,Roma,00186,,Italy,41.8951873,12.4741477,https://oneroombooks.com,+393387229120,4758239973,node,,,Sì,Sì,partially_enriched,not_contacted,,,,,,,,,,,2026-04-21 12:34,2026-04-21 17:44
265,Libreria,Odradek,Via dei Banchi Vecchi 57,Roma,00186,,Italy,41.8989647,12.4665679,https://odradek.it/html/librerie/libreriaroma.html,+39066833451,3836425557,node,,,Sì,Sì,partially_enriched,not_contacted,,,,,,,,,,,2026-04-21 12:34,2026-04-21 17:44
276,Libreria,Olimpo Del Fumetto,Via Flavio Stilicone 52,Roma,00175,,Italy,41.8612683,12.5564648,https://olimpodelfumetto.it,+390676965861,4622082938,node,,,Sì,Sì,partially_enriched,not_contacted,,,,,,,,,,,2026-04-21 12:34,2026-04-21 17:44
367,Libreria,Open Door Bookshop,Via della Lungaretta 23,Pisa,00153,,Italy,41.8895755,12.4721147,https://opendoorbookshop.it,+39065896478,13716440601,node,,,Sì,Sì,partially_enriched,not_contacted,,,,,,,,,,,2026-04-21 12:34,2026-04-21 17:51
281,Libreria,Paulina Multimedia,Via del Mascherino 64,Roma,00193,,Italy,41.9046098,12.4588675,,+39066872354,4823135421,node,,,No,Sì,partially_enriched,not_contacted,,,,,,,,,,,2026-04-21 12:34,2026-04-21 17:44
262,Libreria,Piuma di Mare,Via Ostiense 124,Roma,00154,,Italy,41.8662064,12.4787837,,,3831586958,node,,,No,No,pending,not_contacted,,,,,,,,,,,2026-04-21 12:34,2026-04-21 12:34
317,Libreria,Pocket 2000,,Pisa,,,Italy,41.9097653,12.4563342,,,8563169351,node,,,No,No,pending,not_contacted,,,,,,,,,,,2026-04-21 12:34,2026-04-21 17:51
304,Libreria,Ponteponente,Via Mondovì 19,Roma,00183,,Italy,41.8776952,12.5155234,,,7071707102,node,,,No,No,pending,not_contacted,,,,,,,,,,,2026-04-21 12:34,2026-04-21 12:34
303,Libreria,PrismaScacchi,Via Gaspare Pacchiarotti 109,Roma,00139,,Italy,41.9618297,12.5135209,,,7066369407,node,,,No,No,pending,not_contacted,,,,,,,,,,,2026-04-21 12:34,2026-04-21 12:34
295,Libreria,Punto Einaudi Merulana,Largo di Sant'Alfonso 3,Roma,00185,,Italy,41.8959438,12.5000660,https://einaudi.it,+390644700084,5806679264,node,,,Sì,Sì,partially_enriched,not_contacted,,,,,,,,,,,2026-04-21 12:34,2026-04-21 17:51
351,Libreria,Risma Bookshop Libreria,Via Augusto Dulceri 51,Pisa,00176,,Italy,41.8847525,12.5354337,https://rismabookshop.com,+390683913122,12725805507,node,,,Sì,Sì,partially_enriched,not_contacted,,,,,,,,,,,2026-04-21 12:34,2026-04-21 17:51
316,Libreria,Rotondi,Via Merulana 82,Roma,00185,,Italy,41.8919697,12.5021216,https://libreriarotondi.it,+390670453459,8387143267,node,,,Sì,Sì,partially_enriched,not_contacted,,,,,,,,,,,2026-04-21 12:34,2026-04-21 17:44
257,Libreria,Shakespeare & Co.,Via dei Savorgnan 72,Roma,00176,,Italy,41.8785850,12.5373734,https://shakespeareandcompany.it,+393333600506,2755760054,node,,,Sì,Sì,partially_enriched,not_contacted,,,,,,,,,,,2026-04-21 12:34,2026-04-21 17:51
305,Libreria,Silvio d'amico,Via Silvio D'Amico 1,Pisa,,,Italy,41.8520959,12.4779602,,,7088068682,node,,,No,No,pending,not_contacted,,,,,,,,,,,2026-04-21 12:34,2026-04-21 17:51
338,Libreria,Spazio Sette Libreria,Via dei Barbieri 7,Roma,00186,,Italy,41.8951815,12.4755548,https://spaziosette.ubiklibri.it/home.html,+390640419375,11778270807,node,,,Sì,Sì,partially_enriched,not_contacted,,,,,,,,,,,2026-04-21 12:34,2026-04-21 17:44
325,Libreria,Tana Libri per Tutti,,Pisa,,,Italy,41.8625150,12.4681959,,,10758465550,node,,,No,No,pending,not_contacted,,,,,,,,,,,2026-04-21 12:34,2026-04-21 17:51
362,Libreria,Tic Edizioni,,Pisa,,,Italy,41.8876078,12.4690813,,,13452530757,node,,,No,No,pending,not_contacted,,,,,,,,,,,2026-04-21 12:34,2026-04-21 17:51
358,Libreria,Tra Le Righe,Viale Gorizia 29,Pisa,,,Italy,41.9200104,12.5107855,https://libreriatralerighe.it,,13344449792,node,,,Sì,No,partially_enriched,not_contacted,,,,,,,,,,,2026-04-21 12:34,2026-04-21 17:51
313,Libreria,Tra le Righe,Via Costantino 12,Pisa,00145,,Italy,41.8553484,12.4896779,,+390689012954,7858373547,node,,,No,Sì,partially_enriched,not_contacted,,,,,,,,,,,2026-04-21 12:34,2026-04-21 17:51
327,Libreria,Tre Libretti sul Comò,Via Lucio Elio Seiano 75,Roma,00175,,Italy,41.8545036,12.5588762,https://trelibrettisulcomo.it,+390669356817,11333617115,node,,,Sì,Sì,partially_enriched,not_contacted,,,,,,,,,,,2026-04-21 12:34,2026-04-21 17:44
306,Libreria,Ubik,Via Tiburtina 425,Roma,00159,,Italy,41.9085776,12.5372404,https://romatiburtina.ubiklibri.it,+39064512985,7089327861,node,,,Sì,Sì,partially_enriched,not_contacted,,,,,,,,,,,2026-04-21 12:34,2026-04-21 17:44
242,Libreria,Vitali,,Pisa,,,Italy,41.9284492,12.5194872,,,1641654218,node,,,No,No,pending,not_contacted,,,,,,,,,,,2026-04-21 12:34,2026-04-21 17:51
308,Libreria,di Libro in Libro,Via dei Colli Albani 30,Roma,00179,,Italy,41.8687749,12.5309266,,,7157112488,node,,,No,No,pending,not_contacted,,,,,,,,,,,2026-04-21 12:34,2026-04-21 12:34
233,Libreria,rgb46 - relax gallery books,Piazza di Santa Maria Liberatrice 46,Roma,00153,,Italy,41.8805720,12.4748965,https://rgb46.it,+390645421608,248733730,node,,,Sì,Sì,partially_enriched,not_contacted,,,,,,,,,,,2026-04-21 12:34,2026-04-21 17:51
271,Libreria,卤粉家,,Pisa,,,Italy,41.8563956,12.5576479,,,4313272998,node,,,No,No,pending,not_contacted,,,,,,,,,,,2026-04-21 12:34,2026-04-21 17:51
177,Museo,ACEA Heritage,Piazzale Ostiense,Roma,00154,,Italy,41.8749809,12.4836883,,,13028360534,node,,,No,No,pending,not_contacted,,,,,,,,,,,2026-04-21 11:56,2026-04-21 11:56
143,Museo,Accademia di San Luca,Piazza dell'Accademia di San Luca 77,Roma,00187,,Italy,41.9016166,12.4836806,,,7012887885,node,,,No,No,pending,not_contacted,,,,,,,,,,,2026-04-21 11:56,2026-04-21 15:19
218,Museo,Antiquarium Forense,,Roma,,,Italy,41.8910776,12.4893205,https://colosseo.it/area/musei/nuovo-museo-foro-romano/,,1765420,relation,,,Sì,No,pending,not_contacted,,,,,,,,,,,2026-04-21 11:56,2026-04-21 15:19
146,Museo,Archivio museo storico di Fiume,Via Antonio Cippico 10,Roma,,,Italy,41.8208889,12.4816757,https://www.fiume-rijeka.it/,,7876169064,node,,,Sì,No,pending,not_contacted,,,,,,,,,,,2026-04-21 11:56,2026-04-21 15:19
219,Museo,Carcere Mamertino,,Roma,,,Italy,41.8931425,12.4845850,,,1849827,relation,,,No,No,pending,not_contacted,,,,,,,,,,,2026-04-21 11:56,2026-04-21 15:19
130,Museo,Casa Museo Alberto Moravia,Lungotevere della Vittoria 1,Roma,00195,,Italy,41.9212132,12.4663482,https://www.casaalbertomoravia.it/,+39 06 0608,6498036950,node,,,Sì,Sì,pending,not_contacted,,,,,,,,,,,2026-04-21 11:56,2026-04-21 11:56
119,Museo,"Casa Museo di Luigi Pirandello, archivio e biblioteca",Via Antonio Bosio 15,Roma,,,Italy,41.9163001,12.5143588,https://www.studiodiluigipirandello.it/,+39 06 4429 1853,5044706567,node,,,Sì,Sì,pending,not_contacted,,,,,,,,,,,2026-04-21 11:56,2026-04-21 15:19
200,Museo,Casa di Augusto,,Roma,,,Italy,41.8885700,12.4853322,,,132581385,way,,,No,No,pending,not_contacted,,,,,,,,,,,2026-04-21 11:56,2026-04-21 15:19
97,Museo,Casa di Goethe,Via del Corso 18,Roma,00186,,Italy,41.9090468,12.4771678,,+39 06 326 504 12,2244843070,node,,,No,Sì,pending,not_contacted,,,,,,,,,,,2026-04-21 11:56,2026-04-21 11:56
96,Museo,Case romane del Celio,Clivo di Scauro,Roma,00184,,Italy,41.8864080,12.4918750,https://www.caseromanedelcelio.it/,+39 06 7045 4544,2184077390,node,,,Sì,Sì,pending,not_contacted,,,,,,,,,,,2026-04-21 11:56,2026-04-21 11:56
215,Museo,Casino Nobile,Via Nomentana 70,Roma,00161,,Italy,41.9147955,12.5113213,https://www.museivillatorlonia.it/it/casino_nobile/il_casino_nobile,+39 06 0608,1168238301,way,,,Sì,Sì,pending,not_contacted,,,,,,,,,,,2026-04-21 11:56,2026-04-21 11:56
198,Museo,Centrale Montemartini,Via Ostiense 106,Roma,00154,,Italy,41.8666219,12.4780326,https://www.centralemontemartini.org/,+39 06 0608,130039228,way,,,Sì,Sì,pending,not_contacted,,,,,,,,,,,2026-04-21 11:56,2026-04-21 11:56
188,Museo,Centro della Fotografia,Piazza Orazio Giustiniani 4,Roma,,,Italy,41.8756946,12.4725072,https://www.centrodellafotografia.it,,23920927,way,,,Sì,No,pending,not_contacted,,,,,,,,,,,2026-04-21 11:56,2026-04-21 15:19
91,Museo,Chiostro del Bramante,Arco della Pace 5,Roma,00186,,Italy,41.9000215,12.4715028,https://www.chiostrodelbramante.it/,+39 06 6880 9035,1674754682,node,,,Sì,Sì,pending,not_contacted,,,,,,,,,,,2026-04-21 11:56,2026-04-21 11:56
118,Museo,Domus Romane di Palazzo Valentini,Foro Traiano 85,Roma,00186,,Italy,41.8961000,12.4841000,https://www.palazzovalentini.it/,,4798279227,node,,,Sì,No,pending,not_contacted,,,,,,,,,,,2026-04-21 11:56,2026-04-21 11:56
120,Museo,Esposizione permanente Fausto delle Chiaie,,Roma,,,Italy,41.9057281,12.4756711,,,5340598393,node,,,No,No,pending,not_contacted,,,,,,,,,,,2026-04-21 11:56,2026-04-21 15:19
227,Museo,Ex Cartiera Latina,,Roma,,,Italy,41.8681491,12.5014940,,,3447135,relation,,,No,No,pending,not_contacted,,,,,,,,,,,2026-04-21 11:56,2026-04-21 15:19
93,Museo,Explora,,Roma,,,Italy,41.9150955,12.4746661,https://www.mdbr.it/,,1806035237,node,,,Sì,No,pending,not_contacted,,,,,,,,,,,2026-04-21 11:56,2026-04-21 15:19
145,Museo,Forte Braschi,,Roma,,,Italy,41.9152519,12.4246949,,,7707694027,node,,,No,No,pending,not_contacted,,,,,,,,,,,2026-04-21 11:56,2026-04-21 15:19
115,Museo,Fox Gallery,,Roma,,,Italy,41.8960582,12.4787295,,,4617103889,node,,,No,No,pending,not_contacted,,,,,,,,,,,2026-04-21 11:56,2026-04-21 15:19
164,Museo,GAMM - Museo del Videogioco,Via delle Terme di Diocleziano 35,Roma,00185,,Italy,41.9019657,12.4969308,https://www.gammuseum.com/?_gl=1%2Auye69q%2A_up%2AMQ..%2A_ga%2AOTE5OTU1MjkyLjE3MzMwNzg4MTg.%2A_ga_50NB3X0BZK%2AMTczMzA3ODgxNy4xLjAuMTczMzA3ODgxNy4wLjAuMA..,+39 06 55136582,10921413962,node,,,Sì,Sì,pending,not_contacted,,,,,,,,,,,2026-04-21 11:56,2026-04-21 11:56
89,Museo,Galleria Borghese,Piazzale Scipione Borghese 5,Roma,00197,,Italy,41.9141133,12.4921053,https://galleriaborghese.beniculturali.it/,+39 06 8555952,1440405490,node,,,Sì,Sì,pending,not_contacted,,,,,,,,,,,2026-04-21 11:56,2026-04-21 11:56
226,Museo,Galleria Nazionale d'Arte Moderna e Contemporanea,Viale delle Belle Arti 131,Roma,00197,,Italy,41.9172357,12.4823242,https://lagallerianazionale.com/,+39 06 32298221,2980622,relation,,,Sì,Sì,pending,not_contacted,,,,,,,,,,,2026-04-21 11:56,2026-04-21 11:56
83,Museo,Galleria Spada,Piazza Capo di Ferro 13,Roma,00186,,Italy,41.8938866,12.4722011,https://galleriaspada.beniculturali.it/index.php?it/1/home,+ 39 06 6832409,656532697,node,,,Sì,Sì,pending,not_contacted,,,,,,,,,,,2026-04-21 11:56,2026-04-21 11:56
129,Museo,Galleria d'Arte Moderna,Via Francesco Crispi 24,Roma,00187,,Italy,41.9038740,12.4858033,https://www.galleriaartemodernaroma.it/,,6497917970,node,,,Sì,No,pending,not_contacted,,,,,,,,,,,2026-04-21 11:56,2026-04-21 11:56
161,Museo,Galleria degli Arazzi,,Roma,,,Italy,41.9049632,12.4541733,,,10774102106,node,,,No,No,pending,not_contacted,,,,,,,,,,,2026-04-21 11:56,2026-04-21 15:19
160,Museo,Galleria dei Candelabri,,Roma,,,Italy,41.9060071,12.4541105,,,10774102105,node,,,No,No,pending,not_contacted,,,,,,,,,,,2026-04-21 11:56,2026-04-21 15:19
163,Museo,Galleria delle Carte Geografiche,,Roma,,,Italy,41.9045108,12.4542073,,,10774102205,node,,,No,No,pending,not_contacted,,,,,,,,,,,2026-04-21 11:56,2026-04-21 15:19
95,Museo,Galleria nazionale d'arte antica di palazzo Corsini,Via della Lungara 10,Roma,,,Italy,41.8932889,12.4666902,https://www.barberinicorsini.org,,5070171858,node,,,Sì,No,pending,not_contacted,,,,,,,,,,,2026-04-21 11:56,2026-04-21 15:19
106,Museo,Giacomo Guidi Arte Contemporanea,Corso Vittorio Emanuele II 282-284,Roma,00186,,Italy,41.8985849,12.4675164,,,3761580107,node,,,No,No,pending,not_contacted,,,,,,,,,,,2026-04-21 11:56,2026-04-21 11:56
125,Museo,Gladiator Museum,Piazza Navona 90,Roma,00186,,Italy,41.8989305,12.4735024,http://www.gladiatormuseum.com/,+39 06 6889 1777,5826726788,node,,,Sì,Sì,pending,not_contacted,,,,,,,,,,,2026-04-21 11:56,2026-04-21 11:56
126,Museo,Gruppo Storico Romano,,Roma,,,Italy,41.8697023,12.4989706,https://www.gruppostoricoromano.it/,,5863168289,node,,,Sì,No,pending,not_contacted,,,,,,,,,,,2026-04-21 11:56,2026-04-21 15:19
199,Museo,Istituto Centrale per la Grafica,Via della Stamperia 6,Roma,00187,,Italy,41.9014800,12.4833638,https://www.grafica.beniculturali.it/,+39 06 699801,131235448,way,,,Sì,Sì,pending,not_contacted,,,,,,,,,,,2026-04-21 11:56,2026-04-21 11:56
205,Museo,Keats-Shelley Memorial House,,Roma,,,Italy,41.9057440,12.4825696,www.keats-shelley-house.org,,202110420,way,,,Sì,No,pending,not_contacted,,,,,,,,,,,2026-04-21 11:56,2026-04-21 15:19
202,Museo,La Casina delle Civette,,Roma,,,Italy,41.9143087,12.5129651,https://www.museivillatorlonia.it/casina_delle_civette,,190389788,way,,,Sì,No,pending,not_contacted,,,,,,,,,,,2026-04-21 11:56,2026-04-21 15:19
154,Museo,M.A.U.Mi. Museo di Arte Urbana delle Migrazioni,Via Casilina 634,Roma,00177,,Italy,41.8769640,12.5513878,,,9738242080,node,,,No,No,pending,not_contacted,,,,,,,,,,,2026-04-21 11:56,2026-04-21 11:56
217,Museo,MACRO - Museo d'Arte Contemporanea di Roma,Via Nizza 138,Roma,00198,,Italy,41.9131380,12.5029096,https://www.museomacro.it/,+39 06 696271,1391821,relation,,,Sì,Sì,pending,not_contacted,,,,,,,,,,,2026-04-21 11:56,2026-04-21 11:56
229,Museo,MAXXI Museo nazionale delle arti del XXI secolo,Via Guido Reni 4 A,Roma,00196,,Italy,41.9288353,12.4656869,https://www.fondazionemaxxi.it,+39 06 3201954,8748353,relation,,,Sì,Sì,pending,not_contacted,,,,,,,,,,,2026-04-21 11:56,2026-04-21 11:56
151,Museo,MIAC - Museo Italiano dell’Audiovisivo e del Cinema,Via Tuscolana,Roma,00173,,Italy,41.8505621,12.5734988,https://www.museomiac.it/,+39 06 72293269,9463852529,node,,,Sì,Sì,pending,not_contacted,,,,,,,,,,,2026-04-21 11:56,2026-04-21 11:56
195,Museo,Macri - Museo Ambiente e Crimine,,Roma,,,Italy,41.9173074,12.4864697,https://www.bioparco.it/il-museo-ambiente-e-crimine/,,103879901,way,,,Sì,No,pending,not_contacted,,,,,,,,,,,2026-04-21 11:56,2026-04-21 15:19
192,Museo,Mausoleo di Romolo,,Roma,,,Italy,41.8551188,12.5184440,,,51706579,way,,,No,No,pending,not_contacted,,,,,,,,,,,2026-04-21 11:56,2026-04-21 15:19
189,Museo,Metropoliz MAAM,,Roma,,,Italy,41.8945777,12.5954869,,,24243079,way,,,No,No,pending,not_contacted,,,,,,,,,,,2026-04-21 11:56,2026-04-21 15:19
112,Museo,Mostra Leonardo da Vinci,Piazza della Cancelleria 1,Roma,00186,,Italy,41.8965492,12.4713343,https://www.mostradileonardo.com/,+39 06 6988 7616,4473463243,node,,,Sì,Sì,pending,not_contacted,,,,,,,,,,,2026-04-21 11:56,2026-04-21 15:19
105,Museo,Mueso delle Forze Alleate Roma,Via Tolmino 6,Roma,00198,,Italy,41.9194781,12.5143032,https://www.ww2museumrome.eu/,+39 06 85 35 8888,3741688499,node,,,Sì,Sì,pending,not_contacted,,,,,,,,,,,2026-04-21 11:56,2026-04-21 11:56
230,Museo,Musei Capitolini,,Roma,,,Italy,41.8928880,12.4827602,https://www.museicapitolini.org/,+39 06 0608,9909127,relation,,,Sì,Sì,pending,not_contacted,,,,,,,,,,,2026-04-21 11:56,2026-04-21 15:19
196,Museo,Musei Vaticani,,Roma,,,Italy,41.9062675,12.4527441,https://www.museivaticani.va/,,112137587,way,,,Sì,No,pending,not_contacted,,,,,,,,,,,2026-04-21 11:56,2026-04-21 15:19
208,Museo,Musei Vaticani,,Roma,,,Italy,41.9049275,12.4546217,https://www.museivaticani.va,+39 06 6988 4676,255959482,way,,,Sì,Sì,pending,not_contacted,,,,,,,,,,,2026-04-21 11:56,2026-04-21 15:19
103,Museo,Museo Boncompagni Ludovisi per le arti decorative,Via Boncompagni 18,Roma,00187,,Italy,41.9086748,12.4951494,https://direzionemuseiroma.cultura.gov.it/museo-boncompagni-ludovisi/,+39 06 42824074,3456447054,node,,,Sì,Sì,pending,not_contacted,,,,,,,,,,,2026-04-21 11:56,2026-04-21 11:56
225,Museo,Museo Carlo Bilotti Aranciera di Villa Borghese,Viale Fiorello la Guardia 6,Roma,00197,,Italy,41.9133768,12.4833954,https://www.museocarlobilotti.it/it/il_museo/editoriale,+39 06 0608,2714263,relation,,,Sì,Sì,pending,not_contacted,,,,,,,,,,,2026-04-21 11:56,2026-04-21 11:56
220,Museo,Museo Centrale del Risorgimento,,Roma,,,Italy,41.8939760,12.4836361,https://www.risorgimento.it/php/page_gen.php?id_sezione=5,,1849831,relation,,,Sì,No,pending,not_contacted,,,,,,,,,,,2026-04-21 11:56,2026-04-21 15:19
138,Museo,Museo Chiaramonti,,Roma,,,Italy,41.9060440,12.4550732,,,6718428602,node,,,No,No,pending,not_contacted,,,,,,,,,,,2026-04-21 11:56,2026-04-21 15:19
170,Museo,Museo Civico di Zoologia,Via Ulisse Aldrovandi 18,Roma,00197,,Italy,41.9194205,12.4882880,https://www.museocivicodizoologia.it/it,+39 06 67109270,11234142608,node,,,Sì,Sì,pending,not_contacted,,,,,,,,,,,2026-04-21 11:56,2026-04-21 11:56
178,Museo,Museo Condominiale di Tor Marancia,Viale di Tor Marancia 63,Roma,00147,,Italy,41.8557687,12.4981826,,,13106005601,node,,,No,No,pending,not_contacted,,,,,,,,,,,2026-04-21 11:56,2026-04-21 15:19
107,Museo,Museo Criminologico,Via del Gonfalone 29,Roma,00186,,Italy,41.8976775,12.4666323,https://www.museocriminologico.it/,,4258490090,node,,,Sì,No,pending,not_contacted,,,,,,,,,,,2026-04-21 11:56,2026-04-21 11:56
117,Museo,Museo Da Vinci,,Roma,,,Italy,41.9112778,12.4762696,,,4729693089,node,,,No,No,pending,not_contacted,,,,,,,,,,,2026-04-21 11:56,2026-04-21 15:19
111,Museo,Museo Ebraico di Roma,Largo Stefano Gaj Tachè,Roma,,,Italy,41.8919593,12.4779863,,,4470099910,node,,,No,No,pending,not_contacted,,,,,,,,,,,2026-04-21 11:56,2026-04-21 15:19
134,Museo,Museo Erbario,Via Cesare De Lollis 25,Roma,00185,,Italy,41.9027658,12.5169621,https://web.uniroma1.it/erbario/,+39 06 49912410,6500631681,node,,,Sì,Sì,pending,not_contacted,,,,,,,,,,,2026-04-21 11:56,2026-04-21 11:56
176,Museo,Museo Etnologico Missionario,,Roma,,,Italy,41.9063462,12.4532108,https://www.museivaticani.va/content/museivaticani/en.html,,13004798413,node,,,Sì,No,pending,not_contacted,,,,,,,,,,,2026-04-21 11:56,2026-04-21 15:19
139,Museo,Museo Gregoriano Egizio,,Roma,,,Italy,41.9063024,12.4545669,,,6718428615,node,,,No,No,pending,not_contacted,,,,,,,,,,,2026-04-21 11:56,2026-04-21 15:19
140,Museo,Museo Gregoriano Etrusco,,Roma,,,Italy,41.9066258,12.4548432,,,6718428616,node,,,No,No,pending,not_contacted,,,,,,,,,,,2026-04-21 11:56,2026-04-21 15:19
187,Museo,Museo Gregoriano Profano,,Roma,,,Italy,41.9063260,12.4525154,,,13735344022,node,,,No,No,pending,not_contacted,,,,,,,,,,,2026-04-21 11:56,2026-04-21 15:19
102,Museo,Museo Hendrik Christian Andersen,Via Pasquale Stanislao Mancini 20,Roma,00196,,Italy,41.9141287,12.4727214,https://www.direzionemuseistataliroma.beniculturali.it/istituti/museo-hendrik-christian-andersen-roma/,+39 06 3219089,3310964447,node,,,Sì,Sì,pending,not_contacted,,,,,,,,,,,2026-04-21 11:56,2026-04-21 11:56
201,Museo,Museo Internazionale del Presepio,,Roma,,,Italy,41.8937443,12.4877673,https://www.museopresepioroma.it,,140264232,way,,,Sì,No,pending,not_contacted,,,,,,,,,,,2026-04-21 11:56,2026-04-21 15:19
144,Museo,Museo Leonardo da Vinci,,Roma,,,Italy,41.9021023,12.4615757,,,7114360986,node,,,No,No,pending,not_contacted,,,,,,,,,,,2026-04-21 11:56,2026-04-21 15:19
180,Museo,Museo Missionario di Propaganda Fide,,Roma,,,Italy,41.9041682,12.4833858,https://www.museopropagandafide.va/,+39 06 69880266,13256178943,node,,,Sì,Sì,pending,not_contacted,,,,,,,,,,,2026-04-21 11:56,2026-04-21 15:19
184,Museo,Museo Nazionale Etrusco di Villa Giulia,Piazzale di Villa Giulia 9,Roma,00196,,Italy,41.9183575,12.4778078,https://www.museoetru.it,+39 06 3226571,13460785710,node,,,Sì,Sì,pending,not_contacted,,,,,,,,,,,2026-04-21 11:56,2026-04-21 11:56
85,Museo,Museo Nazionale Romano,Piazza di Sant'Apollinare 46,Roma,00186,,Italy,41.9011978,12.4728382,https://www.museonazionaleromano.beniculturali.it,+39 06 39967700,677476578,node,,,Sì,Sì,pending,not_contacted,,,,,,,,,,,2026-04-21 11:56,2026-04-21 11:56
197,Museo,Museo Nazionale Romano - Crypta Balbi,,Roma,,,Italy,41.8946448,12.4784628,http://archeoroma.beniculturali.it/musei/museo-nazionale-romano-crypta-balbi,+39 06 6977671,125241600,way,,,Sì,Sì,pending,not_contacted,,,,,,,,,,,2026-04-21 11:56,2026-04-21 15:19
185,Museo,Museo Nazionale Romano - Terme di Diocleziano,,Roma,,,Italy,41.9036482,12.4987226,https://museonazionaleromano.beniculturali.it/terme-di-diocleziano/,,13479680016,node,,,Sì,No,pending,not_contacted,,,,,,,,,,,2026-04-21 11:56,2026-04-21 15:19
175,Museo,Museo Nazionale Romano di Palazzo Massimo,,Roma,,,Italy,41.9014658,12.4980991,https://museonazionaleromano.beniculturali.it/palazzo-massimo/,,12707172364,node,,,Sì,No,pending,not_contacted,,,,,,,,,,,2026-04-21 11:56,2026-04-21 15:19
110,Museo,Museo Nazionale degli Strumenti Musicali,Piazza S. Croce in Gerusalemme 9a,Roma,00185,,Italy,41.8883494,12.5169785,http://www.museostrumentimusicali.beniculturali.it,+39 06 7014796,4423928191,node,,,Sì,Sì,pending,not_contacted,,,,,,,,,,,2026-04-21 11:56,2026-04-21 11:56
109,Museo,Museo Nazionale del Palazzo di Venezia,Piazza Venezia 1,Roma,00186,,Italy,41.8963664,12.4815341,http://museopalazzovenezia.beniculturali.it/index.php?it/1/home,+39 06 6780131,4376017562,node,,,Sì,Sì,pending,not_contacted,,,,,,,,,,,2026-04-21 11:56,2026-04-21 11:56
133,Museo,Museo Nazionale di Castel Sant’Angelo,Lungotevere Castello 50,Roma,00193,,Italy,41.9030800,12.4661811,https://direzionemuseiroma.cultura.gov.it/museo-nazionale-di-castel-santangelo/,+39 06 6819111,6499816579,node,,,Sì,Sì,pending,not_contacted,,,,,,,,,,,2026-04-21 11:56,2026-04-21 11:56
147,Museo,Museo Ninfeo di Piazza Vittorio (Horti Lamiani),Piazza Vittorio Emanuele II 79/a,Roma,00185,,Italy,41.8933609,12.5055419,https://www.museoninfeo.it,,8554558031,node,,,Sì,No,pending,not_contacted,,,,,,,,,,,2026-04-21 11:56,2026-04-21 11:56
221,Museo,Museo Palatino,,Roma,,,Italy,41.8882885,12.4866099,,,1857985,relation,,,No,No,pending,not_contacted,,,,,,,,,,,2026-04-21 11:56,2026-04-21 15:19
116,Museo,Museo Parigino,,Roma,,,Italy,41.9025331,12.4819270,,,4711620949,node,,,No,No,pending,not_contacted,,,,,,,,,,,2026-04-21 11:56,2026-04-21 15:19
87,Museo,Museo Pietro Canonica,Viale Pietro Canonica 2,Roma,00197,,Italy,41.9151245,12.4862373,https://www.museocanonica.it/,+39 06 0608,1303845491,node,,,Sì,Sì,pending,not_contacted,,,,,,,,,,,2026-04-21 11:56,2026-04-21 11:56
141,Museo,Museo Pio Clementino,,Roma,,,Italy,41.9065472,12.4545808,,,6718428617,node,,,No,No,pending,not_contacted,,,,,,,,,,,2026-04-21 11:56,2026-04-21 15:19
167,Museo,Museo Storico Liberiano,,Roma,,,Italy,41.8977009,12.4988421,https://www.basilicasantamariamaggiore.va/,,11204178544,node,,,Sì,No,pending,not_contacted,,,,,,,,,,,2026-04-21 11:56,2026-04-21 15:19
82,Museo,Museo Storico dei Bersaglieri,,Roma,,,Italy,41.9092670,12.5010785,,,602095458,node,,,No,No,pending,not_contacted,,,,,,,,,,,2026-04-21 11:56,2026-04-21 15:19
150,Museo,Museo Storico dei Vigili del Fuoco,Via Marmorata 15,Roma,00153,,Italy,41.8781554,12.4792431,https://www.vigilfuoco.it/aspx/page.aspx?IdPage=4115,,9366038161,node,,,Sì,No,pending,not_contacted,,,,,,,,,,,2026-04-21 11:56,2026-04-21 11:56
207,Museo,Museo Storico dell'Arma dei Carabinieri,,Roma,,,Italy,41.9062628,12.4591299,,,234150474,way,,,No,No,pending,not_contacted,,,,,,,,,,,2026-04-21 11:56,2026-04-21 15:19
216,Museo,Museo Storico dell'Arma del Genio,Lungotevere della Vittoria,Roma,,,Italy,41.9228835,12.4605395,,,63034,relation,,,No,No,pending,not_contacted,,,,,,,,,,,2026-04-21 11:56,2026-04-21 11:56
99,Museo,Museo Storico della Liberazione,Via Tasso 145,Roma,00185,,Italy,41.8887174,12.5063522,http://www.viatasso.eu/,,2408805739,node,,,Sì,No,pending,not_contacted,,,,,,,,,,,2026-04-21 11:56,2026-04-21 11:56
90,Museo,Museo Universale,,Roma,,,Italy,41.8987436,12.4865874,,,1662303156,node,,,No,No,pending,not_contacted,,,,,,,,,,,2026-04-21 11:56,2026-04-21 15:19
156,Museo,Museo Vite di IMI,Via Labicana 15a,Roma,00184,,Italy,41.8890365,12.5014609,https://www.museovitediimi.it/,,9878457664,node,,,Sì,No,pending,not_contacted,,,,,,,,,,,2026-04-21 11:56,2026-04-21 11:56
113,Museo,Museo archeologico,,Roma,,,Italy,41.9285829,12.4754369,,,4512661075,node,,,No,No,pending,not_contacted,,,,,,,,,,,2026-04-21 11:56,2026-04-21 15:19
136,Museo,Museo astronomico e copernicano,Viale del Parco Mellini 84,Roma,00136,,Italy,41.9238199,12.4525936,https://www.beniculturali.inaf.it/musei/roma,+39 06 3553 3411,6501541230,node,,,Sì,Sì,pending,not_contacted,,,,,,,,,,,2026-04-21 11:56,2026-04-21 11:56
222,Museo,Museo dei Fori Imperiali,Via Quattro Novembre 94,Roma,00187,,Italy,41.8959566,12.4860137,https://www.mercatiditraiano.it/it/il_museo/editoriale,+39 06 0608,2051641,relation,,,Sì,Sì,pending,not_contacted,,,,,,,,,,,2026-04-21 11:56,2026-04-21 11:56
137,Museo,Museo dei Frati Cappuccini e Cripta Ossario,Via Vittorio Veneto 27,Roma,00187,,Italy,41.9047906,12.4885852,https://museoecriptacappuccini.it/,+39 06 88803695,6563065029,node,,,Sì,Sì,pending,not_contacted,,,,,,,,,,,2026-04-21 11:56,2026-04-21 11:56
114,Museo,Museo del Corso,Via Marco Minghetti 22,Roma,00187,,Italy,41.8998394,12.4815471,https://museodelcorso.com/,+39 06 22877077,12376449856,node,,,Sì,Sì,pending,not_contacted,,,,,,,,,,,2026-04-21 11:56,2026-04-21 11:56
168,Museo,Museo del Tesoro Lateranense,,Roma,,,Italy,41.8859923,12.5049438,https://www.basilicasangiovanni.va/it/san-giovanni-in-laterano/basilica/il-museo.html,+39 0669886409,11204178550,node,,,Sì,Sì,pending,not_contacted,,,,,,,,,,,2026-04-21 11:56,2026-04-21 15:19
203,Museo,Museo dell'Ara Pacis,Lungotevere in Augusta,Roma,00100,,Italy,41.9061042,12.4754740,https://www.arapacis.it/,+39 06 0608,201293294,way,,,Sì,Sì,pending,not_contacted,,,,,,,,,,,2026-04-21 11:56,2026-04-21 11:56
155,Museo,Museo dell'Arte Salvata,Via Giuseppe Romita 8,Roma,00185,,Italy,41.9037865,12.4959856,https://museonazionaleromano.beniculturali.it/landing-page/museo-dellarte-salvata/,,9826250159,node,,,Sì,No,pending,not_contacted,,,,,,,,,,,2026-04-21 11:56,2026-04-21 11:56
81,Museo,Museo dell'Astronomia e Planetario,Piazza Giovanni Agnelli 10,Roma,00144,,Italy,41.8309111,12.4774786,https://www.planetarioroma.it/,,401949921,node,,,Sì,No,pending,not_contacted,,,,,,,,,,,2026-04-21 11:56,2026-04-21 11:56
183,Museo,Museo della Basilica,,Roma,,,Italy,41.8879923,12.5158833,,,13296452566,node,,,No,No,pending,not_contacted,,,,,,,,,,,2026-04-21 11:56,2026-04-21 15:19
152,Museo,Museo della Cucina e Biblioteca,Via dei Cerchi 87,Roma,00186,,Italy,41.8875648,12.4846241,https://www.museodellacucina.com/,+39 391 3846470,9563207249,node,,,Sì,Sì,pending,not_contacted,,,,,,,,,,,2026-04-21 11:56,2026-04-21 11:56
171,Museo,Museo della Forma Urbis,Viale del Parco del Celio,Roma,00184,,Italy,41.8866685,12.4908611,https://www.turismoroma.it/it/luoghi/museo-della-forma-urbis,,11509026537,node,,,Sì,No,pending,not_contacted,,,,,,,,,,,2026-04-21 11:56,2026-04-21 11:56
122,Museo,Museo della Memoria Giocosa,Via Vincenzo Coronelli 26,Roma,00176,,Italy,41.8851960,12.5335882,https://www.lamemoriagiocosa.it/,+39 06 2170 0782,5645495127,node,,,Sì,Sì,pending,not_contacted,,,,,,,,,,,2026-04-21 11:56,2026-04-21 11:56
92,Museo,Museo della Mente,,Roma,,,Italy,41.9404740,12.4168317,,+39 06 68352927,1716909150,node,,,No,Sì,pending,not_contacted,,,,,,,,,,,2026-04-21 11:56,2026-04-21 15:19
128,Museo,Museo della Repubblica Romana e della memoria garibaldina,Largo di Porta San Pancrazio,Roma,00153,,Italy,41.8883948,12.4614944,https://www.museodellarepubblicaromana.it/it/il_museo/editoriale,+39 06 0608,6497896682,node,,,Sì,Sì,pending,not_contacted,,,,,,,,,,,2026-04-21 11:56,2026-04-21 11:56
179,Museo,Museo della Scuola Romana,,Roma,,,Italy,41.9148361,12.5112865,https://www.museivillatorlonia.it/it/casino_nobile/museo_della_scuola_romana,,13147707370,node,,,Sì,No,pending,not_contacted,,,,,,,,,,,2026-04-21 11:56,2026-04-21 15:19
228,Museo,Museo della Via Ostiense,Via Raffaele Persichetti 3,Roma,,,Italy,41.8767081,12.4814418,http://archeoroma.beniculturali.it/musei/museo-ostiense-porta-spaolo,,5867918,relation,,,Sì,No,pending,not_contacted,,,,,,,,,,,2026-04-21 11:56,2026-04-21 15:19
121,Museo,Museo della Zecca di Roma,,Roma,,,Italy,41.9432163,12.5078474,https://www.museozecca.ipzs.it/,,5444788634,node,,,Sì,No,pending,not_contacted,,,,,,,,,,,2026-04-21 11:56,2026-04-21 15:19
212,Museo,Museo delle Antichità Etrusche e Italiche,,Roma,,,Italy,41.9025216,12.5160765,,,679352936,way,,,No,No,pending,not_contacted,,,,,,,,,,,2026-04-21 11:56,2026-04-21 15:19
223,Museo,Museo delle Cere,,Roma,,,Italy,41.8970578,12.4835786,,,2054907,relation,,,No,No,pending,not_contacted,,,,,,,,,,,2026-04-21 11:56,2026-04-21 15:19
165,Museo,Museo delle Civiltà,Piazza Guglielmo Marconi 14,Roma,00144,,Italy,41.8325467,12.4718151,https://www.museodellecivilta.it/,,10937793525,node,,,Sì,No,pending,not_contacted,,,,,,,,,,,2026-04-21 11:56,2026-04-21 11:56
166,Museo,Museo delle Civiltà - Sezione Arti e tradizioni popolari,Piazza Guglielmo Marconi 8,Roma,00144,,Italy,41.8337992,12.4723571,,,10937793526,node,,,No,No,pending,not_contacted,,,,,,,,,,,2026-04-21 11:56,2026-04-21 11:56
173,Museo,Museo delle Fosse Ardeatine,,Roma,,,Italy,41.8562316,12.5098832,,,12310454756,node,,,No,No,pending,not_contacted,,,,,,,,,,,2026-04-21 11:56,2026-04-21 15:19
194,Museo,Museo delle Macchine Agricole,,Roma,,,Italy,41.8293595,12.5111072,,,56253596,way,,,No,No,pending,not_contacted,,,,,,,,,,,2026-04-21 11:56,2026-04-21 15:19
149,Museo,Museo delle Memorie,Largo Cesare Reduzzi 5,Roma,,,Italy,41.8464593,12.4098604,https://laboratoriocorviale.it/attivita/accompagnamento-sociale/progetto-delle-memorie/,+39 392 4756687,9280732364,node,,,Sì,Sì,pending,not_contacted,,,,,,,,,,,2026-04-21 11:56,2026-04-21 15:19
182,Museo,Museo delle Mura,,Roma,,,Italy,41.8735333,12.5016481,https://www.museodellemuraroma.it,+39 06 0608,13264779030,node,,,Sì,Sì,pending,not_contacted,,,,,,,,,,,2026-04-21 11:56,2026-04-21 15:19
158,Museo,Museo delle illusioni,Via Merulana 17,Roma,00185,,Italy,41.8962280,12.4997400,https://moiroma.it/,+39 06 4542 9340,10178773155,node,,,Sì,Sì,pending,not_contacted,,,,,,,,,,,2026-04-21 11:56,2026-04-21 11:56
211,Museo,Museo dell’Arte Classica - Gipsoteca,,Roma,,,Italy,41.9024056,12.5157464,,,679351420,way,,,No,No,pending,not_contacted,,,,,,,,,,,2026-04-21 11:56,2026-04-21 15:19
210,Museo,Museo di Casal de' Pazzi,Viale Egidio Galbani 6,Roma,00156,,Italy,41.9283427,12.5638204,https://www.museocasaldepazzi.it/,+39 06 0608,516249478,way,,,Sì,Sì,pending,not_contacted,,,,,,,,,,,2026-04-21 11:56,2026-04-21 11:56
132,Museo,Museo di Chimica Primo Levi,Piazzale Aldo Moro 5,Roma,00185,,Italy,41.9023349,12.5138592,https://web.uniroma1.it/museodichimicaprimolevi/,+39 06 49913167,6499338101,node,,,Sì,Sì,pending,not_contacted,,,,,,,,,,,2026-04-21 11:56,2026-04-21 11:56
135,Museo,Museo di Fisica,Via Cesare De Lollis,Roma,00185,,Italy,41.9016470,12.5157519,https://web.uniroma1.it/polomuseale/museo-fisica,+39 06 49914329,6500741290,node,,,Sì,Sì,pending,not_contacted,,,,,,,,,,,2026-04-21 11:56,2026-04-21 11:56
123,Museo,Museo di Patologia del libro,Via Milano 76,Roma,00184,,Italy,41.8972316,12.4916510,,+39 06 482911,5645513337,node,,,No,Sì,pending,not_contacted,,,,,,,,,,,2026-04-21 11:56,2026-04-21 11:56
84,Museo,Museo di Roma,Piazza di San Pantaleo 10,Roma,00186,,Italy,41.8972775,12.4727772,https://www.museodiroma.it/,+39 06 0608,656829698,node,,,Sì,Sì,pending,not_contacted,,,,,,,,,,,2026-04-21 11:56,2026-04-21 11:56
206,Museo,Museo di Roma in Trastevere,Piazza Sant'Egidio 1/b,Roma,00153,,Italy,41.8898550,12.4687580,https://www.museodiromaintrastevere.it/,+39 06 0608,203295310,way,,,Sì,Sì,pending,not_contacted,,,,,,,,,,,2026-04-21 11:56,2026-04-21 11:56
131,Museo,Museo di Storia della Medicina,Viale dell'Università 34a,Roma,00185,,Italy,41.9048633,12.5141157,https://web.uniroma1.it/museostoriamedicina/,+39 0649914766,6499298187,node,,,Sì,Sì,pending,not_contacted,,,,,,,,,,,2026-04-21 11:56,2026-04-21 11:56
157,Museo,Museo di scultura antica Giovanni Barracco,,Roma,,,Italy,41.8967967,12.4725923,https://www.museobarracco.it/,+39 06 0608,10074889581,node,,,Sì,Sì,pending,not_contacted,,,,,,,,,,,2026-04-21 11:56,2026-04-21 15:19
232,Museo,Museo diffuso del Rione Testaccio,,Roma,,,Italy,41.8788861,12.4760440,http://testaccio.romearcheomedia.it/italiano/index.html,,13593496,relation,,,Sì,No,pending,not_contacted,,,,,,,,,,,2026-04-21 11:56,2026-04-21 15:19
94,Museo,Museo napoleonico di Roma,Piazza di Ponte Umberto I 1,Roma,00186,,Italy,41.9017810,12.4720387,https://www.museonapoleonico.it/,+39 06 6874240,1938346422,node,,,Sì,Sì,pending,not_contacted,,,,,,,,,,,2026-04-21 11:56,2026-04-21 11:56
209,Museo,Museo storico dei granatieri di Sardegna,,Roma,,,Italy,41.8889289,12.5157281,https://www.esercito.difesa.it/Comunicazione/Musei/Granatieri/Pagine/default.aspx,,261041458,way,,,Sì,No,pending,not_contacted,,,,,,,,,,,2026-04-21 11:56,2026-04-21 15:19
204,Museo,Museo storico della fisica Enrico Fermi,Via Panisperna 89a,Roma,00184,,Italy,41.8978883,12.4938902,https://museum.cref.it/,+39 06 45502901,201636939,way,,,Sì,Sì,pending,not_contacted,,,,,,,,,,,2026-04-21 11:56,2026-04-21 11:56
100,Museo,Museo storico delle comunicazioni,Viale Europa,Roma,00144,,Italy,41.8307378,12.4686342,https://portalecultura.mise.gov.it/museo-storico-della-comunicazione/,,2683531122,node,,,Sì,No,pending,not_contacted,,,,,,,,,,,2026-04-21 11:56,2026-04-21 11:56
169,Museo,Museo-Atelier Canova-Tadolini,,Roma,,,Italy,41.9077650,12.4795700,https://www.canovatadolini.com/,,11206128006,node,,,Sì,No,pending,not_contacted,,,,,,,,,,,2026-04-21 11:56,2026-04-21 15:19
213,Museo,Museum of Origins,,Roma,,,Italy,41.9022618,12.5161271,,,679352941,way,,,No,No,pending,not_contacted,,,,,,,,,,,2026-04-21 11:56,2026-04-21 15:19
186,Museo,Musiba - Museo di Scienze Naturali dei bambini,Piazza Ruggero di Sicilia,Roma,00162,,Italy,41.9113732,12.5220722,,,13479683559,node,,,No,No,pending,not_contacted,,,,,,,,,,,2026-04-21 11:56,2026-04-21 11:56
142,Museo,Muzeo nazionale delle paste alimentari,,Roma,,,Italy,41.9184727,12.4728583,,,6863923285,node,,,No,No,pending,not_contacted,,,,,,,,,,,2026-04-21 11:56,2026-04-21 15:19
172,Museo,Next Museum,Corso d'Italia 37,Roma,,,Italy,41.9111934,12.4951356,https://www.nextmuseum.net/en/exhibition-locations/next-museum-rome/,+39 338 644 357 4,11559152851,node,,,Sì,Sì,pending,not_contacted,,,,,,,,,,,2026-04-21 11:56,2026-04-21 11:56
124,Museo,Padiglione delle carrozze,,Roma,,,Italy,41.9053818,12.4535870,,,5737557524,node,,,No,No,pending,not_contacted,,,,,,,,,,,2026-04-21 11:56,2026-04-21 15:19
159,Museo,Palazzo Bonaparte,,Roma,,,Italy,41.8968863,12.4818585,https://www.mostrepalazzobonaparte.it/,+39 06 87 15 111,10215257717,node,,,Sì,Sì,pending,not_contacted,,,,,,,,,,,2026-04-21 11:56,2026-04-21 15:19
86,Museo,Palazzo Doria Pamphilj,Via del Corso 305,Roma,,,Italy,41.8978235,12.4815609,http://www.dopart.it,+39 06 6797323,706793341,node,,,Sì,Sì,pending,not_contacted,,,,,,,,,,,2026-04-21 11:56,2026-04-21 15:19
127,Museo,Palazzo Merulana - Fondazione Elena e Claudio Cerasi,Via Merulana 121,Roma,00185,,Italy,41.8898859,12.5033302,https://www.palazzomerulana.it/,+39 06 39967800,5973826056,node,,,Sì,Sì,pending,not_contacted,,,,,,,,,,,2026-04-21 11:56,2026-04-21 11:56
193,Museo,Palazzo delle Esposizioni,Via Nazionale 194,Roma,00184,,Italy,41.8995666,12.4900931,https://www.palazzoesposizioni.it/,,51930840,way,,,Sì,No,pending,not_contacted,,,,,,,,,,,2026-04-21 11:56,2026-04-21 11:56
190,Museo,Pinacoteca Vaticana,,Roma,,,Italy,41.9057562,12.4527879,,,35027800,way,,,No,No,pending,not_contacted,,,,,,,,,,,2026-04-21 11:56,2026-04-21 15:19
231,Museo,Polo museale ATAC Porta San Paolo,Via Bartolomeo Bossi 7,Roma,00154,,Italy,41.8750400,12.4811682,www.astralspa.it,,13475193,relation,,,Sì,No,pending,not_contacted,,,,,,,,,,,2026-04-21 11:56,2026-04-21 11:56
181,Museo,Presepio monumemtale napoletano del '700,,Roma,,,Italy,41.8922983,12.4873775,,,13256187380,node,,,No,No,pending,not_contacted,,,,,,,,,,,2026-04-21 11:56,2026-04-21 15:19
108,Museo,Real Academia de España,Piazza di San Pietro in Montorio 3,Roma,00153,,Italy,41.8889045,12.4666124,,,4292016589,node,,,No,No,pending,not_contacted,,,,,,,,,,,2026-04-21 11:56,2026-04-21 15:19
88,Museo,Sacrario delle Bandiere delle Forze Armate,,Roma,,,Italy,41.8949213,12.4835868,,,1387899682,node,,,No,No,pending,not_contacted,,,,,,,,,,,2026-04-21 11:56,2026-04-21 15:19
191,Museo,Sacristia,,Roma,,,Italy,41.9012399,12.4538555,,,44522478,way,,,No,No,pending,not_contacted,,,,,,,,,,,2026-04-21 11:56,2026-04-21 15:19
104,Museo,San Giovanni,,Roma,,,Italy,41.8853194,12.5099333,,,3612947728,node,,,No,No,pending,not_contacted,,,,,,,,,,,2026-04-21 11:56,2026-04-21 15:19
148,Museo,Scatola Archeologica,Piazza Albania,Roma,00153,,Italy,41.8808258,12.4836327,https://www.scatolaarcheologica.it/,,8695734985,node,,,Sì,No,pending,not_contacted,,,,,,,,,,,2026-04-21 11:56,2026-04-21 11:56
224,Museo,Scuderie del Quirinale,Via Ventiquattro Maggio 16,Roma,,,Italy,41.8986323,12.4859595,https://www.scuderiequirinale.it/,,2054913,relation,,,Sì,No,pending,not_contacted,,,,,,,,,,,2026-04-21 11:56,2026-04-21 11:56
98,Museo,Stadio di Domiziano,,Roma,,,Italy,41.8999893,12.4726756,https://stadiodomiziano.com/,+39 06 4568 6100,12052719807,node,,,Sì,Sì,pending,not_contacted,,,,,,,,,,,2026-04-21 11:56,2026-04-21 15:19
162,Museo,Stanze di Raffaello,,Roma,,,Italy,41.9033021,12.4545356,,,10774102107,node,,,No,No,pending,not_contacted,,,,,,,,,,,2026-04-21 11:56,2026-04-21 15:19
174,Museo,Stanze di Santa Brigida,,Roma,,,Italy,41.8953222,12.4708739,https://www.brigidine.org/,,12504263090,node,,,Sì,No,pending,not_contacted,,,,,,,,,,,2026-04-21 11:56,2026-04-21 15:19
214,Museo,Technotown,,Roma,,,Italy,41.9131998,12.5108398,https://www.technotown.it/,,1168238298,way,,,Sì,No,pending,not_contacted,,,,,,,,,,,2026-04-21 11:56,2026-04-21 15:19
153,Museo,Vespa Museum,,Roma,,,Italy,41.8934971,12.4891450,,,9738039522,node,,,No,No,pending,not_contacted,,,,,,,,,,,2026-04-21 11:56,2026-04-21 15:19
101,Museo,Vigamus - Museo del Videogioco,Via Sabotino 4,Roma,,,Italy,41.9167250,12.4597359,https://vigamus.com/,+39 0645475940,2957067329,node,,,Sì,Sì,pending,not_contacted,,,,,,,,,,,2026-04-21 11:56,2026-04-21 11:56